-- phpMyAdmin SQL Dump
-- version 4.3.11
-- http://www.phpmyadmin.net
--
-- Host: 127.0.0.1
-- Generation Time: Aug 11, 2015 at 06:55 PM
-- Server version: 5.6.24
-- PHP Version: 5.6.8

SET SQL_MODE = "NO_AUTO_VALUE_ON_ZERO";
SET time_zone = "+00:00";


/*!40101 SET @OLD_CHARACTER_SET_CLIENT=@@CHARACTER_SET_CLIENT */;
/*!40101 SET @OLD_CHARACTER_SET_RESULTS=@@CHARACTER_SET_RESULTS */;
/*!40101 SET @OLD_COLLATION_CONNECTION=@@COLLATION_CONNECTION */;
/*!40101 SET NAMES utf8 */;

--
-- Database: `dot`
--

-- --------------------------------------------------------

--
-- Table structure for table `pplink`
--

CREATE TABLE IF NOT EXISTS `pplink` (
  `id_prof` int(11) NOT NULL,
  `id_predm` int(11) NOT NULL
) ENGINE=InnoDB DEFAULT CHARSET=utf8;

--
-- Dumping data for table `pplink`
--

INSERT INTO `pplink` (`id_prof`, `id_predm`) VALUES
(1, 57),
(2, 122),
(2, 120),
(2, 110),
(3, 70),
(3, 172),
(3, 63),
(3, 75),
(3, 35),
(3, 76),
(4, 81),
(4, 1),
(4, 31),
(4, 46),
(6, 136),
(6, 145),
(7, 147),
(8, 14),
(8, 24),
(8, 86),
(8, 4),
(8, 55),
(8, 53),
(8, 157),
(8, 151),
(8, 51),
(8, 35),
(9, 87),
(9, 130),
(9, 186),
(10, 161),
(10, 127),
(11, 146),
(11, 142),
(12, 10),
(12, 190),
(12, 29),
(13, 193),
(13, 4),
(13, 9),
(13, 179),
(13, 27),
(14, 148),
(14, 92),
(14, 40),
(14, 184),
(14, 15),
(14, 88),
(14, 35),
(15, 3),
(16, 194),
(16, 188),
(16, 16),
(16, 31),
(16, 26),
(17, 6),
(19, 13),
(19, 19),
(20, 132),
(20, 163),
(20, 94),
(21, 189),
(23, 138),
(23, 137),
(25, 109),
(25, 14),
(25, 49),
(25, 115),
(25, 105),
(26, 114),
(26, 106),
(27, 107),
(27, 119),
(28, 42),
(28, 47),
(28, 21),
(28, 25),
(28, 97),
(28, 150),
(33, 73),
(33, 178),
(33, 153),
(34, 166),
(34, 144),
(34, 58),
(34, 64),
(34, 32),
(35, 131),
(35, 84),
(35, 162),
(35, 182),
(35, 129),
(35, 126),
(36, 118),
(38, 50),
(38, 95),
(38, 48),
(38, 185),
(38, 65),
(38, 128),
(38, 35),
(39, 60),
(39, 66),
(39, 61),
(39, 68),
(39, 174),
(40, 171),
(40, 72),
(40, 67),
(40, 62),
(40, 11),
(41, 146),
(41, 56),
(41, 103),
(41, 116),
(41, 104),
(41, 170),
(41, 104),
(43, 71),
(44, 99),
(45, 161),
(45, 125),
(45, 181),
(45, 90),
(45, 183),
(45, 96),
(46, 42),
(46, 47),
(46, 20),
(46, 34),
(46, 149),
(46, 191),
(47, 176),
(48, 164),
(48, 154),
(48, 170),
(49, 192),
(49, 18),
(49, 22),
(49, 26),
(49, 35),
(49, 7),
(50, 159),
(51, 89),
(51, 93),
(51, 102),
(51, 98),
(54, 8),
(55, 139),
(55, 77),
(55, 59),
(55, 117),
(55, 140),
(55, 177),
(55, 5),
(56, 12),
(56, 101),
(56, 8),
(57, 99),
(58, 175),
(58, 74),
(59, 17),
(59, 23),
(60, 80),
(60, 139),
(60, 82),
(60, 141),
(60, 1),
(60, 158),
(60, 35),
(60, 123),
(61, 163),
(62, 93),
(63, 45),
(63, 39),
(63, 8),
(63, 156),
(63, 83),
(63, 52),
(63, 35),
(63, 44),
(63, 33),
(65, 180),
(65, 28),
(65, 155),
(65, 91),
(65, 133),
(65, 187),
(66, 121),
(66, 100),
(66, 48),
(66, 85),
(66, 134),
(67, 113),
(67, 165),
(67, 168),
(67, 112),
(68, 2),
(68, 108),
(68, 196),
(68, 197),
(68, 169),
(68, 111),
(68, 167),
(68, 35),
(69, 79),
(69, 124),
(69, 196),
(69, 197),
(69, 152),
(70, 99),
(71, 138),
(71, 139),
(71, 141),
(71, 146),
(71, 59),
(71, 117),
(71, 137),
(71, 145),
(72, 45),
(72, 39),
(72, 8),
(72, 83),
(72, 37),
(72, 46),
(72, 52),
(72, 51),
(72, 44),
(73, 12),
(73, 79),
(73, 124),
(73, 121),
(73, 100),
(73, 134),
(74, 28),
(74, 84),
(74, 133),
(74, 123),
(75, 92),
(75, 40),
(75, 87),
(75, 130),
(75, 100),
(75, 88),
(77, 171),
(77, 72),
(77, 67),
(77, 62),
(77, 174),
(77, 11),
(78, 42),
(78, 47),
(78, 34),
(78, 15),
(78, 48),
(78, 90),
(78, 35),
(78, 123),
(79, 28),
(79, 34),
(79, 15),
(79, 123),
(80, 28),
(80, 121),
(80, 84),
(80, 48),
(80, 163),
(80, 133),
(80, 195),
(80, 135),
(81, 109),
(81, 114),
(81, 118),
(81, 99),
(81, 119),
(81, 108),
(81, 115),
(81, 111),
(81, 35),
(81, 105),
(81, 116),
(81, 170),
(81, 110),
(81, 106),
(82, 15),
(83, 131),
(83, 84),
(83, 89),
(83, 93),
(83, 162),
(83, 181),
(83, 182),
(83, 129),
(84, 66),
(85, 42),
(85, 47),
(85, 79),
(85, 91),
(85, 102),
(86, 192),
(86, 194),
(86, 188),
(86, 31),
(86, 4),
(86, 17),
(86, 23),
(86, 22),
(86, 30),
(86, 7),
(86, 191),
(87, 192),
(87, 194),
(87, 16),
(87, 31),
(87, 4),
(87, 189),
(87, 17),
(87, 23),
(87, 22),
(87, 26),
(87, 191),
(88, 180),
(88, 12),
(88, 42),
(88, 47),
(88, 155),
(88, 91),
(88, 97),
(88, 150),
(89, 166),
(89, 65),
(89, 32),
(90, 161),
(90, 127),
(91, 13),
(91, 19),
(91, 193),
(91, 9),
(92, 87),
(92, 130),
(92, 158),
(93, 56),
(93, 79),
(93, 122),
(93, 120),
(93, 106),
(95, 82),
(95, 80),
(95, 39),
(95, 81),
(95, 1),
(95, 83),
(95, 37),
(95, 46),
(95, 123),
(96, 100),
(96, 48),
(96, 85),
(96, 128),
(96, 134),
(96, 126),
(97, 12),
(97, 3),
(97, 177),
(97, 58),
(97, 32),
(98, 66),
(98, 61),
(98, 68),
(98, 174),
(99, 14),
(99, 24),
(99, 86),
(99, 8),
(99, 55),
(99, 21),
(99, 25),
(99, 38),
(99, 43),
(99, 51),
(100, 60),
(100, 72),
(100, 70),
(100, 66),
(100, 67),
(100, 73),
(100, 62),
(100, 55),
(100, 71),
(100, 11),
(100, 178),
(100, 153),
(101, 70),
(101, 73),
(101, 175),
(101, 172),
(101, 63),
(101, 75),
(101, 76),
(102, 12),
(102, 79),
(102, 117),
(102, 99),
(102, 58),
(102, 32),
(103, 49),
(103, 101),
(103, 2),
(103, 103),
(103, 104),
(103, 110),
(104, 3),
(105, 8),
(105, 14),
(105, 86),
(105, 53),
(105, 52),
(105, 38),
(105, 43),
(105, 51),
(106, 47),
(107, 118),
(107, 119),
(107, 103),
(107, 111),
(107, 105),
(107, 116),
(108, 12),
(108, 79),
(108, 122),
(108, 165),
(108, 112),
(109, 138),
(109, 139),
(109, 141),
(109, 146),
(109, 59),
(109, 117),
(109, 137),
(109, 143),
(110, 95),
(110, 87),
(110, 130),
(110, 185),
(110, 128),
(111, 14),
(111, 86),
(111, 8),
(111, 21),
(111, 25),
(111, 53),
(111, 52),
(111, 38),
(111, 43),
(111, 51),
(112, 13),
(112, 19),
(112, 193),
(112, 188),
(112, 4),
(112, 18),
(112, 189),
(112, 9),
(112, 29),
(112, 190),
(112, 29),
(112, 7),
(112, 179),
(112, 27),
(113, 193),
(113, 4),
(113, 18),
(113, 9),
(113, 29),
(113, 27),
(114, 20),
(115, 42),
(115, 148),
(115, 92),
(115, 83),
(115, 88),
(115, 96),
(116, 14),
(116, 86),
(116, 53),
(116, 52),
(116, 38),
(116, 43),
(116, 51),
(117, 50),
(117, 2),
(117, 125),
(117, 65),
(117, 126),
(118, 13),
(118, 19),
(118, 193),
(118, 4),
(118, 18),
(118, 9),
(118, 29),
(118, 190),
(118, 7),
(118, 179),
(118, 27),
(119, 109),
(119, 49),
(119, 101),
(119, 2),
(119, 107),
(119, 115),
(119, 169);

-- --------------------------------------------------------

--
-- Table structure for table `predmeti`
--

CREATE TABLE IF NOT EXISTS `predmeti` (
  `id_predm` int(11) NOT NULL,
  `naziv` text NOT NULL
) ENGINE=InnoDB AUTO_INCREMENT=198 DEFAULT CHARSET=utf8;

--
-- Dumping data for table `predmeti`
--

INSERT INTO `predmeti` (`id_predm`, `naziv`) VALUES
(1, 'Инжењерска математика'),
(2, 'Електротехника'),
(3, 'Енглески језик'),
(4, 'Електротехнички материјали и компоненте'),
(5, 'Социологија'),
(6, 'Физика'),
(7, 'Увод у дијагностику возила'),
(8, 'Електроника'),
(9, 'Основи информатике и рачунарства'),
(10, 'Механика'),
(11, 'Основи електроенергетике'),
(12, 'Апликативни софтвер'),
(13, 'Аутоматско управљање 1'),
(14, 'Аналогна електроника'),
(15, 'Микрорачунари'),
(16, 'Електричне машине на возилима'),
(17, 'Мотори и моторна возила'),
(18, 'Елементи аутоматских система'),
(19, 'Аутоматско управљање 2'),
(20, 'Електрични погони'),
(21, 'Мерења 1'),
(22, 'Сензори и актуатори'),
(23, 'Одржавање моторa и моторних возила'),
(24, 'Дигитална електроника'),
(25, 'Мерења 2'),
(26, 'Системи паљења и убризгавања у бензинским моторима'),
(27, 'Управљање у реалном времену'),
(28, 'Базе података'),
(29, 'Роботика и аутоматизација'),
(30, 'Системи паљења и убризгавања у дизел моторима'),
(31, 'Електронски системи стабилности, безбедности и комфора у возила'),
(32, 'Управљање пројектима и инвестицијама'),
(33, 'Телекомуникациони сервиси и технологије'),
(34, 'Микропроцесорски софтвер'),
(35, 'Стручна пракса'),
(36, 'Завршни рад'),
(37, 'Математика 1'),
(38, 'Основи електронике 1'),
(39, 'Дигитални системи преноса'),
(40, 'Комуникационе мреже'),
(41, 'Програмабилнa логичкa кола'),
(42, 'Архитектура и организација рачунара 1'),
(43, 'Основи електронике 2'),
(44, 'Телекомуникације'),
(45, 'Анализа кола'),
(46, 'Математика 2'),
(47, 'Архитектура и организација рачунара 2'),
(48, 'Основи програмирања'),
(49, 'Аудиоелектроника'),
(50, 'Дигитална обрада сигнала'),
(51, 'Специјална електронска кола'),
(52, 'Мобилне телекомуникације'),
(53, 'Микроконтролери'),
(54, 'Управљање у релном времену'),
(55, 'Енергетска електроника'),
(56, 'Дигитална телевизија'),
(57, 'Биомедицински уређаји'),
(58, 'Основи менаџмента'),
(59, 'Интернет сервиси'),
(60, 'Високонапонски апарати'),
(61, 'Електрични мотори'),
(62, 'Елементи електроенергетских система'),
(63, 'Нове енергетске технологије '),
(64, 'Управљање производњом и услугама'),
(65, 'Рачунари и периферије'),
(66, 'Електране и разводна постројења'),
(67, 'Електричне инсталације и осветљење'),
(68, 'Електрични трансформатори и генератори'),
(69, 'Мерења'),
(70, 'Дистрибуција и тржиште електричне енергије '),
(71, 'Одржавање електроенергетских уређаја'),
(72, 'Дизајн електричног осветљења'),
(73, 'Електрични претварачи снаге'),
(74, 'Релејна заштита'),
(75, 'Обновљиви извори енергије '),
(76, 'Техника високог напона '),
(77, 'Економика бизниса'),
(78, 'Архиктетура и организација рачунара'),
(79, 'Дигиталне мултимедије 1'),
(80, 'Алгоритми и структуре података'),
(81, 'Дискретна математика '),
(82, 'Вероватноћа и статистика '),
(83, 'Комуникациони системи '),
(84, 'Интеракција човек-рачунар '),
(85, 'Програмски језици '),
(86, 'Дигитална интегрисана електроника'),
(87, 'Оперативни системи 1'),
(88, 'Рачунарске мреже '),
(89, 'Објектно прoграмирање 1'),
(90, 'Програмирање веб апликација'),
(91, 'Напредне архитектуре рачунара '),
(92, 'Интернет протоколи и технологије '),
(93, 'Објектно програмирање 2 '),
(94, 'Софтверско инжењерство '),
(95, 'Заштита података'),
(96, 'Сигурност у рачунарским мрежама'),
(97, 'Програмабилна логичка кола'),
(98, 'Стандардни кориснички интерфејси'),
(99, 'Медији масовне комуникације '),
(100, 'Основи информационих технологија '),
(101, 'Електроакустика'),
(102, 'Рачунарска графика '),
(103, 'Основи телевизије '),
(104, 'Телевизијски системи и видео технологије'),
(105, 'Студијска аудиотехника'),
(106, 'Технике снимања слике'),
(107, 'МIDI и синтеза звука '),
(108, 'Музички инструменти '),
(109, 'Акустички дизајн просторија'),
(110, 'Телевизијске камере '),
(111, 'Снимање звука'),
(112, 'Основи анимације'),
(113, 'Компјутерска анимација 1 '),
(114, 'Видео продукција '),
(115, 'Озвучавање '),
(116, 'Студ. и ванст. телевизијска продукција '),
(117, 'Маркетинг '),
(118, 'Дизајн звучне слике '),
(119, 'Музичка продукција'),
(120, 'Мултимедијална продукција'),
(121, 'Друштвене мреже'),
(122, 'Дигитални дизајн публикација'),
(123, 'Увод у објектно програмирање'),
(124, 'Дигиталне мултимедије 2'),
(125, 'Објектно орјентисано пројектовање'),
(126, 'Увод у интернет технологије'),
(127, 'Интернет програмирање'),
(128, 'Сигурност информационих система'),
(129, 'Технике визуелног програмирања'),
(130, 'Оперативни системи 2'),
(131, 'Интеграција софтверских технологија'),
(132, 'Интелигентни системи и технологије'),
(133, 'Релационе базе података'),
(134, 'Технологије за електронско учење'),
(135, 'Функционално програмирање'),
(136, 'Менаџмент продаје '),
(137, 'Основи електронског пословања'),
(138, 'Бизнис план за електронско пословање'),
(139, 'Web дизајн '),
(140, 'Менаџмент трошкова'),
(141, 'Електронска трговина'),
(142, 'Регулатива у е-пословању'),
(143, 'Пословна комуникација'),
(144, 'Оперативни менаџмент  '),
(145, 'Спољнотрогвинско пословање '),
(146, 'Електронско банкарство '),
(147, 'Предузетништво '),
(148, 'Бежични комуникациони системи'),
(149, 'Примена дигиталних сигнал-процесора'),
(150, 'Програмабилни дигитални системи'),
(151, 'Пројектовање електронских кола'),
(152, 'Сателитски комуникациони системи'),
(153, 'Управљање електроенергетским претварачима'),
(154, 'Интернет телефонија и телевизија'),
(155, 'Картични системи'),
(156, 'Компресија видео и аудио сигнала'),
(157, 'Програмирање микроконтролера у реалном времену'),
(158, 'Перформансе дискова и система датотека'),
(159, 'Пројектовање информационих система'),
(160, 'Функционални програмски језици'),
(161, 'Веб системи и технологије'),
(162, 'Програмирање апликација база података'),
(163, 'Пројектовање софтвера'),
(164, 'HD и 3D телевизија'),
(165, 'Компјутерска анимација 2'),
(166, 'Маркетинг истраживања'),
(167, 'Снимање и продукција звука за медије'),
(168, 'Мултимедијална постпродукција'),
(169, 'Примењена акустика'),
(170, 'Телевизијска продукција'),
(171, 'Безбедност и заштита на раду у електроенергетици'),
(172, 'Квалитет електричне енергије'),
(173, 'Маркетинг истраживања'),
(174, 'Мониторинг и дијагностика електричних машина'),
(175, 'Информационе технологије у електроенергетици'),
(176, 'Мерни информациони системи'),
(177, 'Одрживи развој'),
(178, 'Специјалне електричне инсталације'),
(179, 'Управљање динамичким системима'),
(180, 'Алармни системи и видео надзор'),
(181, 'Програмирање апликација за мобилне уређаје'),
(182, 'Сервисно оријентисана архитектура'),
(183, 'Сигурност софтвера'),
(184, 'Корпорацијске комутационе мреже'),
(185, 'Примењена криптографија'),
(186, 'Технике виртуелизације'),
(187, 'Управљање информационом безбедношћу'),
(188, 'Директно убризгавање бензина'),
(189, 'Конструкција и динамика кретања возила'),
(190, 'Роботика'),
(191, 'Хибридна и електро возила'),
(192, 'Аутоматски мењачки преносници'),
(193, 'Дигитални системи управљања'),
(194, 'Дијагностика система убризгавања дизел мотора'),
(195, 'Софтверско инжињерство'),
(196, 'Основи електротехнике 1\r\n'),
(197, 'Основи електротехнике 2');

-- --------------------------------------------------------

--
-- Table structure for table `profesori`
--

CREATE TABLE IF NOT EXISTS `profesori` (
  `idProfesor` int(11) NOT NULL,
  `imePrezime` text COLLATE utf8_unicode_ci NOT NULL,
  `titula` text COLLATE utf8_unicode_ci NOT NULL,
  `zvanje` text COLLATE utf8_unicode_ci NOT NULL,
  `slika` text COLLATE utf8_unicode_ci NOT NULL,
  `konsultacije` text COLLATE utf8_unicode_ci NOT NULL,
  `kabinet` text COLLATE utf8_unicode_ci NOT NULL,
  `mail` text COLLATE utf8_unicode_ci NOT NULL,
  `biografija` text COLLATE utf8_unicode_ci NOT NULL,
  `aktivnost` text COLLATE utf8_unicode_ci NOT NULL
) ENGINE=InnoDB DEFAULT CHARSET=utf8 COLLATE=utf8_unicode_ci;

--
-- Dumping data for table `profesori`
--

INSERT INTO `profesori` (`idProfesor`, `imePrezime`, `titula`, `zvanje`, `slika`, `konsultacije`, `kabinet`, `mail`, `biografija`, `aktivnost`) VALUES
(1, 'Александар Жорић', 'др', 'Професор', '/adresar/muskarac.jpg', '', '505', '', '', ''),
(2, 'Александар Кајевић', ' мр ', 'Професор ', '/adresar/muskarac.jpg', '  ', '  ', '', '', ''),
(3, 'Александра Грујић ', ' мр ', 'Предавач', '/adresar/3.jpg', ' најава путем маил-а.', '501', ' aleksandrag@viser.edu.rs ', 'Александра Грујић (1975) је основну, средњу школу и Електротехнички факултет завршила у Београду. Дипломирала је на смеру Енергетика, Електроенергетски системи 2000.године. Магистрирала је 2006. године на Електротехничком факултету у Београду на тему: "Анализа метода прорачуна зоне заштите громобранске инсталације објеката опште и посебне намене" под менторством проф. др Златана Стојковића.', 'Александра Грујић је коаутор једног рада публикованог у научном часопису међународног значаја са СЦИ листе, једанаест радова публикованих у зборницина међународних и регионалних научних скупова, три рада публикована у зборницима скупова националног значаја и три рада публикована у научним домаћим часописима.'),
(4, 'Ана Савић ', ' др ', ' Професор ', '/adresar/4.jpg', ' Среда: 15-16h Четвртак:15-16h Петак: 13-15h', ' 504 ', ' ana.savic@viser.edu.rs ', 'Ана Савић је рођена 25. 03. 1974. год. у Београду, где је завршила основну школу “Браћа Рибар“ и Mатематичку гимназију “Вељко Влаховић”. Дипломирала 9. марта 1998. год. на Природно - математичком факултету у Београду, смер теоријска математика и примена. Магистрирала 2003. год., докторирала 2007. год. Има ћерку Марију.', 'Kooрдинатор Темпус пројекта Innovation and Implementation of the Curriculum Vocational Studies in the Field of Digital Television and Multimedia. Број: 517022-TEMPUS-1-2011-1-RS-TEMPUS-JPCR Веб сајт: www.ricum.edu.rs  Кординатор ВИШЕР за Темпус пројекат Development of higher education and society by creating a collaborative environment in the field of arts and media through regional student partnership in production of audio/video content. Број: 544108-TEMPUS-1-2013-1-RS-TEMPUS-JPHES Веб сајт: www.studavp.net'),
(5, 'Ана Ковачевић ', ' др ', ' Професор ', '/adresar/zena.jpg', ' ', '  ', '  ', '', ''),
(6, 'Ана. Савић ', ' др ', ' Професор ', '/adresar/zena.jpg', ' Четвртак 12-13', ' 503 ', ' ana.savic@ict.edu.rs ', 'Докторску дисертацију под називом „Оперативни ризици у банкарству. Идентификација и мерење оперативних ризика по Базел2 стандардима“ одбранила је на Економском факултету Универзитета у Београду, под руководством проф. др Бошка Живковића. Магистарски рад под називом „Банкарско осигурање – заједничка улагања банака и осигуравајућих компанија“ одбранила на Економском факултету Универзитета у Београду 2002.године, под руководством проф. др Јелене Кочовић. Дипломирала на Економском факултету Универзитета у Београду 1998. године.', 'Положен банкарски стручни испит у Удружењу банака Србије у Београду 1999. Један од оснивача удружења Актуара Србије.Сарадник часописа Банкар, Е магазин, Економска политика, ПТТ саобраћај, Европа... Имала је наступе на телевизији где је говорила о банкарским темама. Сертификат о учешћу на Workshop on Electronic Customer Relationship Management "eCRM", as a part of the EU INTERREG IIIB CADSES project ELISA, "e-Learning for Improving access to Informtion Society for SMEs in the SEE area". Сертификат Београдске берзе "Техничка и фундаментална анализа". Сертификат о берзанском пословању Београдске берзе. Сертификат „Савремени алати за праћење и анализу берзанског пословања” компаније TeleTrader d.o.o. Програми стручног усавршавања Центра за унапређење наставе Абакус: ”Електронски наставни материјали” “Примена e-learning метода наставе у образовању”  "Електронска платформа за анализу и мониторинг хартија од вредности", компаније TeleTrader Програм обуке стручног усавршавања "Тренинг комуникационих вештина и самопоуздања наставника", АБАКУС, 2013. Сертификат „Напредне технике заштите инвеститора у IT индустрији” компаније TeleTrader d.o.o., март 2014.'),
(7, 'Аца Марковић ', ' др ', ' Професор ', '/adresar/muskarac.jpg', ' ', ' 006 ', '  ', '', ''),
(8, 'Борислав Хаџибабић ', ' мр ', 'Предавач ', '/adresar/8.jpg', ' Понедељак : 17:00 - 18:00, Уторак: 15:00 - 16:00, Четвртак: 14:00 - 15:00, Петак: 17:00 - 18:00.', '201', ' borislav.hadzibabic@viser.edu.rs ', 'Мр Борислав Хаџибабић је рођен 1952. у Ердевику.Основну и средњу школу, Математичку гимназију, завршио је у Београду. Електротехнички факултет у Београду, одсек за Електронику, је уписао 1971. и дипломирао 1976. код проф. др. Дејана Живковића. Магистрирао је 2001. на Електротехничком факултету у Београду. Објавио је четрнаест радова на домаћим конференцијама, два рада на конференцијама у иностранству и један рад у иностраном часопису.', 'Руководилац Студијског програма Електроника и Телекомуникације (ЕЛИТЕ). Председник Синдиката ВШЕР.'),
(9, 'Борислав Ђорђевић ', ' др ', ' Професор ', '/adresar/muskarac.jpg', ' \r', ' 407 ', ' boradj@viser.edu.rs ', 'Борислав С. Ђорђевић је рођен 26. 04. 1964. године у Пироту (од оца Славољуба и мајке Гордане). Основну школу и гимназију завршио је у Пироту са одличним успехом, са Вуковом дипломом. Уписао је Електротехнички факултет у Београду, одсек Електроника, смер Елекроника, 1983. године. Факултет је завршио у року, 1989. године са просечном оценом 8,70. Магистарску тезу под називом “ПОБОЉШАЊЕ ПЕРФОРМАНСИ СЦСИ ДИСКОВА НА РАЧУНАРИМА ПОД МС-ДОС ОПЕРАТИВНИМ СИСТЕМОМ” одбранио је на Електротехничком факултету у Београду, 30. децембра 1992. године. Докторску дисертацију под називом “КЕШИРАЊЕ ДИСКОВА ЗА ЦЕНТРАЛИЗОВАНЕ ОПЕРАТИВНЕ СИСТЕМЕ” одбранио је на Електротехничком факултету у Београду , 9. јула 2003. године.', 'Борислав С. Ђорђевић је запослен од 1.10.1989. у Институту “Михајло Пупин” у Београду где и сада ради. Основне научне области којима се бави су перформансе диск контролера и дискова под разним оперативним системима намењених за ПЦ архитектуру. 90-тих година, док се форсирао домаћи развој ра;унара, радио је на пројектовању, реализацији и тестирању процесорских плоча и диск контролерских картица за ПЦ рачунарске системе који се производе у Институту. Након тога је свој истраживачки рад концентрисао на оперативни систем UNIX/Linux тако да дискови, диск контролери и оперативни систем UNIX/Linux, представљају уже стручну специјалност. Године 2004. стекао научно звање научни-сарадник (Институтска титула).'),
(10, 'Бошко Николић ', ' др ', ' Професор ', '/adresar/muskarac.jpg', ' Среда, 15.00-16.00 часова\r', ' 407 ', ' nbosko@etf.bg.ac.yu ', 'Рођен 197. у Ваљеву. На електротехничком факултету у Београду се уписао 1991. године, смер Рачунарска техника и информатика. Исте године је уписао и Природно математички факултет у Београду, одсек Дипломирани математичар за теоријску математику и примену.Од 1989. до 1995. године био стипендиста Републичке фондације за младе таленте. Дипломирао на Електротехничком факултету октобра 1996. Новембра 1996. године уписао је постдипломске студије на Електротехничком факултету, смер Архитектура и организација рачунарских мрежа. Положио предмете са оценом 10 и магистрирао 2001 године. Одбранио је докторску тезу у априлу 2005. са темом "Систем за учење архитектуре и организације рачунара на даљину".', 'Радио је као предавач на Вишој електротехничкој школи у Београду из предмета Интернет програмирање 1 и Интернет програмирање 2. Ради на Факултету за пословну информатику Универзитета Цингидунум на месту доцента на предметима Програмирање графичких аплиакција, Основе рачунарске технике и Увод у програмирање 1 и 2'),
(11, 'Бранимир Тренкић ', ' др ', ' Професор ', '/adresar/muskarac.jpg', ' ', ' 407 ', ' trenkic@iritel.com ', '', ''),
(12, 'Вељко Поткоњак ', ' др ', ' Професор ', '/adresar/muskarac.jpg', ' понедељак: 13-14, 17-18 часова', ' 104 ', '  ', '', ''),
(13, 'Вера Петровић ', ' др ', ' Професор ', '/adresar/13.jpg', ' Понедељак 15-17 Уторак 15-17\r', ' 06 ', ' vera.petrovic@viser.edu.rs ', 'Рођена је 1965. у Трстенику. Средњу математичку школу завршила је у Трстенику. Диплому инжењера електронике стекла је 1989. у Загребу на Војнотехничком факултету - смер аутоматско управљање. Свој магистарски рад из области нових материјала и технологија за израду сензора и кондензатора, под насловом "Утицај механичке активације на кинетику синтеровања система CаО-ТiО2" одбранила je 27.03.2002. у Центру за мултидисиплинарне студије Универзитета у Београду, код ментора академика Момчила М. Ристића.Докторску тезу под називом "Синтеза и својства диелектричне керамике система MgO-TiO2" одбранила је 19.10.2007. на Техничком факултету у Чачку.', 'Индустрија хидраулике и пнеуматике «Прва петолетка» – Трстеник, 1989-1998, самостални пројектант у развоју. У допунском радном односу професор у средњој Техничкој школи у Трстенику.Члан тима за подизање куполе на Храму Свети Сава. Од 2000. године запошљена је у Вишој електротехничкој школи у Београду, као стручни сарадник, а од 2003. предавач је на предмету Електротехнички материјали и компоненте. Од 2004. шеф је смера за Аутоматику. На пројекту је Министарства за науку Проучавање међузависности у тријади "синтеза-структура-својства" за функционалне материјале, чији је руководилац академик Момчило М. Ристић. У школској 2006/07 учествовала је у Акредитацији Више електротехничке школе и акредитовала Студијски програм Аутоматика и системи управљања возилима, чији је руководилац.'),
(14, 'Верица Васиљевић ', ' др ', ' Професор ', '/adresar/14.jpg', ' понедељак 15-17, четвртак 15-17\r', ' 407 ', ' vvasiljevic@viser.edu.rs ', 'Рођена 1952. године у Призрену. Завршила је гимназију у Београду 1971. године. Дипломирала је на Електротехничком факултету Универзитета у Београду, смер Aутоматикa, 1976. године. Магистрирала је 1983. године са темом "Integration of Voice and Data over Local Area Network with P-CSMA-CD", City College, City University of New York, New York. Докторирала је 2007. године на Техничком факултету "Михајло Пупин" у Зрењанину, Универзитет у Новом Саду сa темом "Мултимедијални приступ интерактивном учењу о рачунарским мрежама".', 'Руководилац студијског програма Нове рачунарске технологије на Високој школи електротехнике и рачунарства струковних студија у Београду.'),
(15, 'Весна Јокановић ', ' мр ', ' Професор ', '/adresar/zena.jpg', ' Путем maila.\r', ' 101 ', ' vesna.jokanovic06@gmail.com ', '', ''),
(16, 'Владимир Матијевић ', ' мр ', ' Предавач ', '/adresar/16.jpg', ' петак 12-13, 16-17\r', ' 104 ', '  ', '', ''),
(17, 'Владимир Павловић ', ' др ', ' Професор ', '/adresar/muskarac.jpg', ' ', '  ', '  ', '', ''),
(18, 'Вукота Бабовић ', ' др ', ' Професор ', '/adresar/muskarac.jpg', ' Уторак: 10.00.-12.00. Петак: 10.00.-12.00.', ' 401 ', ' vbabovic@vets.edu.yu ', '', ''),
(19, 'Горан Дикић ', ' др ', ' Професор ', '/adresar/muskarac.jpg', ' уторак: 15-17 часова\r', ' 104 ', ' grandi@beotel.net ', '', ''),
(20, 'Горан Шимић ', ' др ', ' Предавач ', '/adresar/muskarac.jpg', ' ', '  ', ' gshimic@gmail.com ', '', ''),
(21, 'Горан Воротовић ', ' др ', ' Професор ', '/adresar/muskarac.jpg', ' ', '  ', '  ', '', ''),
(22, 'Гордана Вуковић Николић ', ' др ', ' Професор ', '/adresar/zena.jpg', ' \r', '  ', '  ', '', ''),
(23, 'Дејан Тошић ', ' др ', ' Професор ', '/adresar/muskarac.jpg', ' \r', ' 502 ', ' tosic@etf.bg.ac.yu ', '', ''),
(24, 'Драган Поповић ', ' др ', ' Професор ', '/adresar/muskarac.jpg', ' \r', ' 305 ', '  ', 'Рођен је 1943. године у Београду, где је завршио основну школу и гимназију. Дипломирао је 1965. године на Енергетском одсеку, магистрирао 1981. године на смеру Електроенергетски системи, а докторску тезу одбранио маја 1984. године, све на Електротехничком факултету у Београду. ', 'Проф. Поповић је као аутор објавио једну монографију националног значаја. Такође, као аутор (претежно) или коаутор до сада је објавио укупно – 161 научних и стручних радова, од којих су 15 објављени у страним часописима, 62 у домаћим часописима, 26 на међународним конференцијама и 58 на домаћим конференцијама и саветовањима. Такође, Проф. Поповић је развио већи број методологија и одговарајућих рачунарских програма за анализу релевантних статичких и динамичких стања електроенергетских интерконекција.'),
(25, 'Драган Дринчић ', ' мр ', ' Предавач ', '/adresar/25.jpg', ' \r', ' 501 ', '  ', '', ''),
(26, 'Драган Димчић ', ' мр ', ' Професор ', '/adresar/muskarac.jpg', ' \r', ' 200 ', ' dimke.d@gmail.com ', '1967., Beograd, diplomirani filmski i TV montažer, magistar višemedijske umetnosti. ', ''),
(27, 'Драган Новковић ', ' мр ', ' Предавач ', '/adresar/27.jpg', ' \r', '  ', '  ', '', ''),
(28, 'Драгана Прокин ', ' др ', ' Професор ', '/adresar/28.jpg', ' Четвртак 11:00-12:00 18:0-19:00 Петак 17:00-19:00\r', ' 512 ', ' dprokin@viser.edu.rs ', 'Драгана Прокин је рођена 1.06.1963. године у Параћину, где је завршила основну и средњу школу математичко-техничког усмерења. Дипломирала је у фебруару 1988. године на смеру Електроника Електротехничког факултета у Београду, са темом “Процесирање сигнала хомоморфним филтрирањем” из области дигиталног процесирања комплексног цепструма сеизмичког сигнала.  Магистрирала је са просечном оценом 10,00 у новембру 1995. године на смеру Електроника Електротехничког факултета у Београду са темом “Примена микроконтролера у индустријским уређајима за мерење протока флуида” из области пројектовања, хардверске и софтверске реализације и експерименталног тестирања електромагнетног мерача протока са медијан филтром за улазни сигнал.  Докторску дисертацију са темом “Брзи ранк филтар са битским секвенцијалним излазом” одбранила је у јулу 2011. године на смеру Електроника Електротехничког факултета у Београду.', 'Од 2000. до априла 2002. године је била ангажована као спољни сарадник у Вишој електротехничкој школи у Београду на предметима Микрорачунари, Примена рачунара, Импулсна и дигитална електроника и Дигитална интегрисана електроника. У априлу 2002. године засновала је радни однос  у звању вишег предавача. Звање професора добила је 2012. године. Од школске 2012/2013. ангажована је као професор на предметина Архитектура и организација рачунара 1 и 2, Мерења 1 и 2 и Програмабилна логичка кола на редовним студијама. Такође је укључена у реализацију наставе на даљину као професор на предметима Архитектура и организација рачунара 1 и Електроника.     Од 2011. године ангажована је као истраживач ранга Т2 на два пројекта у новом циклусу научних пројеката 2011-2014 Министарства за науку и технолошки развој које је добио Електротехнички факултет Универзитета у Београду и то на пројекту ТР32039 под називом “Хардверска, софтверска, телекомуникациона и енергетска оптимизација IPTV система” и пројекту ТР32047 под називом “Развој хардверске, софтверске и телекомуникационе инфраструктуре е-система за контролу промета и пореза”.'),
(29, 'Драгољуб Мартиновић ', ' др ', ' Професор ', '/adresar/29.jpg', ' Консултације су могуће сваког дана од 10 до 18 часова, али је због могућих састанака, препорука да се најаве на телефоне 2471099, 2471365 или 063371549.', ' 006 ', ' dragoljub.martinovic@viser.edu.rs ', 'Драгољуб Б. Мартиновић, рођен 11.07.1947. године у Радавцу код Пећи, на Електротехничком факултету у Београду дипломирао 1970. на смеру Електроника и телекомуникације, а 1977. године магистрира на смеру Везе на даљину са темом "Мултиплекс са временском расподелом канала звучних и видео сигнала и проблеми конверзије ТВ стандарда". Звање доктора техничких наука из области електронике и телекомуникација стекао 2005. на Факултету техничких наука у Косовској Митровици са дисертацијом:''''Прилог оптимизацији система за пренос дигитсалних сигнала слике у присуству сметњи''''. Боравио на стручним усавршаванјима у Немачкој, Енглеској и Русији. Користи немачки, енглески и руски језик. За редовног члана Српеке академије иновационих наука изабран је 2007.године. Отац је троје деце.', ''),
(30, 'Душан Старчевић ', ' др ', ' Професор ', '/adresar/muskarac.jpg', ' Среда од 14.00 до 15.00 часова,ФОН, каб.216 Среда од 17.00 до 18.00 часова,ФОН, каб.216\r', ' 408 ', ' starcev@fon.rs ', 'Душан Старчевић (1949, Палача, Хрватска) дипломирао је и магистрирао на Електротехничком факултету у Београду 1972., односно 1975. године. Докторску дисертацију из области информационих система одбранио је 1983. године на Факултету организационих наука у Београду на којем и ради у звању редовног професора при Катедри за информационе технологије.', 'Посебно је заинтересован за научне дисциплине дистрибуирани системи, рачунарске мреже, мултимедијалне системи и комуникације, рачунарска графика, врло велике базе података. Објавио је више од двестотине библиографских јединица. Аутор је или коаутор на прилозима у пет научних монографија које су публиковале познате међународне издавачке куће.'),
(31, 'Душица Хаџи-Пешић ', ' мр ', ' Професор ', '/adresar/zena.jpg', ' петак од 12:30 до 13:30\r', ' 101 ', ' dhadzipe@viser.edu.rs ', 'Датум рођења: 9.5.1942., Београд Образовање: • ИИИ београдска гимназија, Београд, 1960. • Средња музичка скола, одсек клавир, музичка скола "Мокрањац", Београд, 1961. • Основне студије, Електротехнички факултет у Београду, смер Техничка физика, 1967. • Последипломске студије, Електротехнички факултет у Београду, 1981. • Стручни испит за професора електротехничке струке, 1977. • Специјализација из области библиотечко-документационих информационих система, Француска, 1972. • Средња музичка скола, одсек клавир, музичка скола "Мокрањац", Београд, 1961. • Основне студије, Електротехнички факултет у Београду, смер Техничка физика, 1967. • Последипломске студије, Електротехнички факултет у Београду, 1981. • Стручни испит за професора електротехничке струке, 1977. • Специјализација из области библиотечко-документационих информационих система, Француска, 1972. ', ''),
(32, 'Ђукан Вукић ', ' др ', ' Професор ', '/adresar/muskarac.jpg', ' понедељак од 11 до 13 часова у лабораторији за машине\r', '  ', ' vukicd@agrif.bg.ac.rs ', 'Рођен је 1950. године у Ђаковици, АП Косово и Метохија. Дипломирао је на Електротехничком факултету у Приштини 1973. године. Магистрирао је 1980. године и докторирао 1987. године на Електротехничком факултету у Београду одбранивши докторску дисертацију под насловом “Понашање и примена асинхроног мотора са двостраним напајањем”.', 'Аутор је 150 научних и стручних радова, 13 уџбеника и 2 монографије. Учествовао је у реализацији 5 научно-истраживачких пројеката. Од 2001. до 2002. године био је директор Института за пољопривредну технику Пољопривредног факултета у Београду. Од 2004. године је шеф Катедре за Техничке науке Пољопривредног факултета у Београду.'),
(33, 'Жељко Деспотовић ', ' др ', ' Професор ', '/adresar/33.jpg', ' Петак: 15-17ч\r', ' 505 ', ' zdespot@hotmail.com ', 'Рођен је 13. децембра 1964. године у Пријепољу, Србија. Основну и средњу школу је завршио 1979, односно 1983. године у Новој Вароши. Након одслужења војног рока октобра 1984. године започео је студије на Енергетском одсеку Електротехничког факултета, Универзитета у Београду. Још као студент, је као један од најбољих на свом одсеку, у периоду октобар 1989-април 1990. године био ангажован у Институту ″Никола Тесла″ на пројекту ″ Трофазни транзисторски инвертор 70kVA/400Hz напајан директно са трофазне мреже ″, у оквиру кога је урадио дипломски рад под менторством проф. др Зорана Стојиљковића и Др Жарка Јанде. Дипломирао је 20.априла 1990. године на Енергетском одсеку, смер Енергетски претварачи и погони. Дипломски рад на тему, "Упоредни преглед карактеристика биполарних транзистора у Дарлингтон спрези и биполарних транзистора са изолованим гејтом (IGBT) као струјних прекидача у напонским инверторима", одбранио је са оценом 10. Магистрирао је 11.децембра 2003. године на Електротехничком факултету у Београду-смер енергетски претварачи и погони, са тезом “Енергетски претварачи за погон електромагнетних вибрационих актуатора у системима за дозирање и транспорт расутих материјала”. Докторску дисертацију на тему ″Оптимизација рада електромагнетних резонантних вибрационих транспортера коришћењем струјно контролисаних транзисторских енергетских претварача”, је одбранио 15.новембра 2007. године на Електротехничком факултету у Београду. У току свог стручног, истраживачког и научног рада је руководио и био ангажован као учесник на више значајних инвестиционих пројеката од интереса за електропривреду, процесну индустрију, водопривреду, путну привреду, железницу и војну индустрију. Бавио се истраживањем из области управљања механичким системима и механизмима, хидрауличким и хидро-динамичким системима, контролом вибрација, развојем индустријских микроконтролера, управљањем енергетским претварачима и електромоторним погонима. Ужа специјалности су му енергетска електроника, индустријска електроника и мехатроника. Свој целокупни рад је верификовао и кроз објављене научне радове. На основу поменутих истраживања објавио је као аутор или коаутор више од 100 научних радова у међународним и домаћим часописима, као и на међународним и домаћим симпозијумима и конференцијама. Аутор је или коаутор више од шездесет инжењерских техничких решења из поменутих области која су добила потврду у конкретним практичним применама: 2 нова техничка решења призната на међународном нивоу, 21 битно побољшано техничко решење и 43 прототипа.', 'Члан је више међународних инжењерских удружења: IEEE Industrial Electronics Society(USA), IEEE Industry Applications Society(USA) i IEEE Power Electronics Society(USA), IEEE /ASME Mechatronics Society (USA) Рецензент је у престижном америчком часопису IEEE Transactions on Industrial Electronics(USA). Члан је едиторијал борда интернационалног часописа American Journal of Electrical and Electronic Engineering-SciEP. Активни је члан домаћих инжењерских удружења: ЕТРАН, Друштво за енергетску електронику, Друштво Термичара Србије, Савез Енергетичара Србије, CIGRE Србија (Студијски комитет за Енергетску Електронику и HVDC) и Друштво за Обновљиве Изворе Електричне Енергије. Члан је Инжењерске коморе Србије од 25.априла 2009 године. Носилац је пројектантских лиценци:(1) Лиценца тип 350-Одговорни пројектант електроенергетских инсталација ниског и средњег напона, (2)Лиценца тип 352-Одговорни пројектант управљања електромоторним погонима - аутоматика, мерење и регулација,(3)Лиценца тип 450-Одговорни извођач радова електроенергетских инсталација ниског и средњег напона.'),
(34, 'Живорад Васић ', ' др ', ' Професор ', '/adresar/34.jpg', ' Уторak: 12:00-14:00 Петак: 10:00-12:00', ' 511 ', ' zvasic.viser@gmail.com ', 'Рођен је у 1956. године у Кличевцу (Пожаревац). Завршио је 1974. године Средњу техничку школу у Костолцу. Вишу електрометалску школу у Београду завршио је 1977. године. Факултет организационих наука завршио је 1980. године. Магистрирао је на Факултету организационих наука у Београду - смер Организација развоја, 1994. године, одбранивши магистарску тезу: Систем управљања реализацијом инвестиционих пројеката.Докторирао је на Техничком факултету М. Пупин у Зрењанину, Универзитет, Нови Сад, одбранивши тезу под насловом Систем управљања реализацијом инвестиционих пројеката у функцији управљања променама у електропривреди Србије.', 'У периоду  од:  2001 до 2007 Руководилац смера Менаџмент у електротехници на Вишој електротехничкој школи   2007 до 2012 Руководилац студијског програма Нове енергетске технологије на Високој школи електротехнике и рачунарства струковних студија у Београду.  2012 до 2014 Помоћник директора за наставу на Високој школи електротехнике и рачунарства струковних студија у Београду.'),
(35, 'Зоран Ћировић ', ' др ', ' Професор ', '/adresar/35.jpg', ' понедељак од 12:00 до 14:00 среда од 16:00 до 18:00\r', ' 514 ', ' zoran.cirovic@gmail.com ', 'Рођен 1970. год у Новој Вароши. Електротехнички факултет у Београду. Магистрски рад на ЕТФ у Београду.', 'Предавач у Високој школи електротехнике и рачунарства струковних студија у Београду (од 1997. a од децембра 2006. запослен у истој установи) Курс из предмета „Технике визуелног програмирања“ и „Програмирања апликација база података“. Лабораторијске вежбе из „Интернет програмирања I“ .'),
(36, 'Зоран Максимовић ', ' др ', ' Предавач ', '/adresar/muskarac.jpg', ' \r', ' 202 ', ' maximovicz@yahoo.com ', '', ''),
(37, 'Зоран Радојевић ', ' др ', ' Професор ', '/adresar/muskarac.jpg', ' понедељак од 14 до 16 часова', ' 301 ', ' zoranradojevic@yahoo.com ', 'Зоран Радојевић,рођен 09.09.1949 у Београду,на Електротехничком факултету у Београду је дипломирао 1975. на одсеку Енергетика,смер Постројења електричне снаге,магистрирао 1984. и докторирао 1988.на смеру Електроенергетски системи Електротехничког факултета у Београду.За доцента са пуним радним временом на Електротехничком факултету у Београду изабран је 1988. године, а за ванредног професора 2004. године. ', ''),
(38, 'Зоран Бањац ', ' др ', ' Професор ', '/adresar/38.jpg', ' понедељак: 15-17 часова; уторак 12-14\r', ' 514 ', ' zoran.banjac@viser.edu.rs ', '• Рођен 14.12.1968. године у Зрењанину где је завршио основно образовање и гимназију. • Дипломирао на Војнотехничком факултету (Загреб, Београд), 1993. године на одсеку Електроника смер Телекомуникације. • Магистрирао на Електротехничком факултету у Београду, на одсеку Електроника, смер Дигитални пренос информација, 1998. године, на тему „Анализа једне класе алгоритама за потискивање локалног еха”, ментор проф. др Милан М. Милосављевић • Докторирао на Електротехничком факултету у Београду, на одсеку Електроника, 2004. године, на тему „Анализа и синтеза једне класе адаптивних филтара са коначним импулсним одзивом”, ментор проф. др Бранко Д. Ковачевић', 'Од школске 2000/1. до 2005. године асистент на предмету Дигитална обрада сигнала у Вишој електротеничкој школи Београд. Од Школске 2002/3. до 2004. године асистент на предметима Пословна информатика, Увод у Програмирање и Програмски језици на Факултету за Пословну информатику, Београд. Школске 2003/4. године предаје Пословну информатику на Факултету за пословну информатику, Београд. Од школске 2003/4. до 2006/7. године предаје: Увод у програмирање 1, Увод у програмирање 2 и Програмске језике на Факултету за пословну информатику, Београд.  Учешће на научним пројектима  1. „Математичка логика, комбинаторика и обрада информација: Основе и примене рачунарства”, руководилац пројекта др Миодраг Михаљевић, 1996. - 2001. године, носилац пројекта Математички институт, Српска академија наука и уметности  2. „Нове математичке методе за криптографску заштиту и моделовање информација”, руководилац пројекта др Миодраг Михаљевић, 2002. - 2005. године, носилац пројекта Математички институт, Српска академија наука и уметности  3. „Нове методе у криптологији и процесирању информација”, руководилац пројекта др Миодраг Михаљевић, 2006. – 2008. године, носилац пројекта Математички институт, Српска академија наука и уметности.'),
(39, 'Зоран Милићевић ', ' др ', ' Професор ', '/adresar/39.jpg', ' Понедељак 15-17 часова Четвртак 12-14 часова\r', ' 513 ', ' zmilicevic@viser.edu.rs ', '', ''),
(40, 'Ивана Влајић-Наумовска ', ' др ', ' Професор ', '/adresar/40.jpg', ' среда: 10.00-12.00 часова; петак: 10.00-12.00 часова.\r', ' 301 ', ' ivanav@viser.edu.rs ', 'Рођена je 1972. у Смедеревској Паланци, где је завршила основну школу и гимназију. Школске године 1991/92 уписала је Електротехнички факултет у Београду,а дипломирала 1998. године на Енергетском одсеку на смеру за Енергетске претвараче и погоне. Постдипломске студије на Електротехничком факултету у Београду на смеру Електроенергетска постројења и опрема уписала је школске године 1999/2000, а магистрирала 2003. године. Наслов магистарског рада: "Избор оптималног броја резервних трансформатора 10кВ/0.4кВ у погледу поузданости напајања потрошача и укупних годишњих трошкова". У септембру 2014. године одбранила је докторску дисертацију под насловом "Штете код потрошача услед прекида испоруке електричне енергије".', 'Учествовала је у изради две студије на Електротехничком факултету у Београду урађене за Електродистрибуцију Београд и Електропривреду Србије, под руководством професора др Јована Нахмана. Коаутор је два рада у националном стручном часопису Електропривреда, аутор је једног и коаутор једног рада у часопису Ecologica и коаутор једног рада у иностраном часопису  Journal of Computational and Theoretical Nanoscience и коаутор једног рада у иностраном часопису  Electric Power Systems Research.  Учествовала у изради два приручника за предмет Апликативни софтвер и приручника за предмет Електричне инсталације и осветљење, основног уџбеника за предмет Основи електроенергетике, а у зборницима научних и стручних скупова са рецензијама објављена су 12 радова.  Од 1. априла 2006. до 31. марта 2007. била је шеф смера Енергетика Више електротехничке школе у Београду. У школској години 2006/07 учествовала је у акредитацији студијског програма Нове енергетске технологије. У школској години 2011/12 учествовала је у реакредитацији студијског програма Нове енергетске технологије и новог студијског програма специјалистичких студија Нове енергетске технологије у Високој школи електротехнике и рачунарства струковних студија у Београду.'),
(41, 'Ивана Милошевић ', ' др ', ' Предавач ', '/adresar/41.jpg', ' уторак, 12:30-14:30 четвртак, 12:00-14:00', ' 401 ', ' ivana.milosevic@viser.edu.rs ', 'Рођена је 1982. у Косовској Митровици. Завршила је XIII гимназију у Београду са одличним успехом. Дипломирала је на факултету техничких наука у Косовској Митровици на смеру електроника и телекомуникације са просечном оценом 9,07.  Докторске студије завршила је 2012. на Електронском факултету у Нишу са просечном оценом 10 и одбранила докторску дисертацију под насловом "Примена диверзити технике за смањење утицаја Вејбуловог фединга на перформансе система".', 'Ангажована је на пројекту Министарства за науку и заштиту животне средине Србије, ”Razvoj novih informaciono-komunikacionih tehnologija, korišćenjem naprednih matematičkih metoda, sa primenama u medicini, energetici, telekomunikacijama, e-upravi i zaštiti nacionalne baštine” и на TEMPUS пројекту у Високој школи електротехнике и рачунарства струковних студија у Београду, бр. 517022-TEMPUS-1-2011-1-RS-TEMPUS-JPCR, Innovation and Implementation of the Curriculum Vocational Studies in the Field of Digital Television and Multimedia.'),
(42, 'Јован Ђорђевић ', ' др ', ' Професор ', '/adresar/muskarac.jpg', ' \r', '  ', ' jdjordjevic@etf.rs ', '', ''),
(43, 'Јован Микуловић ', ' др ', ' Професор ', '/adresar/muskarac.jpg', ' ', ' 511 ', ' mikulovic@etf.rs ', '', ''),
(44, 'Љиљана Станимировић ', ' др ', ' Професор ', '/adresar/44.jpg', ' понедељак: 12.00-14.00 петак 12.00-14.00', ' 501 ', ' ljiljana.stanimirovic@viser.edu.rs ', 'Рођена 29.1.1965. у Горњем Милановцу. Прва три разреда основне школе завршила у Бољковцима, где је сниман ''Мирко и Славко''. Четврти разред завршила у Свилајнцу. Основну школу завршила 1979. у Лајковцу. Математичко-технички сарадник постала 1983. године у Лазаревцу. Носилац Вукове дипломе. Електротехнички факултет Универзитета у Београду, смер Електроника завршила 1988. године са просечном оценом 8.49. Постдипломске студије завршила у Београду на смеру: Дигитални пренос информација 1997. године. Докторску тезу одбранила на Факултету техничких наука у Новом Саду 2002. године. Говори немачки, енглески и служи се шпанским језиком. 1991-1992. боравила као ДААД стипендиста на Техничком Универзитету у Минхену, а 9-12.2001. на Ј.В.Гете Универзитету у Франкфурту. Даљња унука Милисава Марковића председника електроинжењера Америке и Канаде 60-тих и 70-тих година прошлог века.', 'Професор Високе школе електротехнике и рачунарства за аудио технологије. Прoфесор nа предметима: Дигитална обрада аудио и видео сигнала, МИДИ системи, Анализа сигнала.'),
(45, 'Марко Царић ', ' мр ', ' Предавач ', '/adresar/45.jpg', ' sreda 19.00 - 20.00 petak 12.00 - 15.00\r', ' 511 ', ' caric.marko@viser.edu.rs ', '', ''),
(46, 'Милан Мијалковић ', ' др ', ' Професор ', '/adresar/46.jpg', ' Уз договор е-поштом', ' 513 ', ' milan.mijalkovic@viser.edu.rs ', 'Доктор наука. Докторат: "Осетљивост индиректног векторског управљања моментом асинхроног мотора на варијације његових параметара" ментор, професор Павле Калуђерчић, 21. 12. 2009, Електротрхнички факултет у Источном Сарајеву. Магистар електротехничких наука –магистарски рад на тему: "Систем за прецизно мерење брзине обртања вратила сервомеханизма са асинхроним мотором", ментор, професор Милић Стојић, 12. 1. 1992, Електротрхнички факултет у Београду. Дипломирани ингжењер електротехнике. 20. 12. 1981, Електротрхнички факултет у Београду.', 'Раније запослење: ИРИТЕЛ Београд, фебруар 1982. – мај 1985. ВХФ Радио-одељење, ВТИ Београд, мај 1985. - јануар 1990. Војнотехнички институт, одељење за енергетску електронику, јануар 1990. – јануар 2001. Виша електротехничка школа у Београду, од 1994. – јануар 2000., хонорарни сарадник Northeastern универзитет – Бостон, Масачусец, САД, јануар 2001. - јул 2002. Детаљнија радна биографија приложена је уз списак објавлјених радова.'),
(47, 'Милан Матијевић ', ' др ', ' Професор ', '/adresar/muskarac.jpg', ' ', '  ', '  ', '', ''),
(48, 'Миле Петровић ', ' др ', ' Професор ', '/adresar/muskarac.jpg', ' Петак:16-18 часова\r', ' AVT ', ' petrovic.mile@yahoo.com ', 'Миле Петровић рођен је 1954. године у Белој Паланци. Дипломирао је 1979. године на Техничком факултету у Приштини, одсек електроника и телекомуникације. Магистрирао је 1988. године на Електронском факултету у Нишу одбраном магистарског рада: “Један нов нумерички метод за решавање тракастих водова“, а докторирао 1995. године, одбраном докторске дисертације: “Прилог анализи динамичког опсега камере са посебним освртом на камере високе резолуције“. Боравио је на стручним усавршавањима у Енглеској и Швајцарској. Служи се енглеским и руским језиком. За редовног члана Српске академије иновационих наука изабран је 2006 године.', ''),
(49, 'Милија Џекулић ', ' мр ', ' Предавач ', '/adresar/muskarac.jpg', ' среда: 10-12 часова петак: 12-14 часова', ' 101 ', ' milijadz@gmail.com ', '', ''),
(50, 'Милица Вучковић ', ' др ', ' Професор ', '/adresar/zena.jpg', ' \r', '  ', ' milica.vuckovic@fon.rs ', '', ''),
(51, 'Перица Штрбац ', ' др ', ' Професор ', '/adresar/muskarac.jpg', ' Уторак 14-16 Петак 14-16\r', ' 511 ', ' pericas@viser.edu.rs ', '', ''),
(52, 'Петар Бошњаковић ', ' др ', ' Професор ', '/adresar/52.jpg', ' Петак: 15:00 - 16:00.\r', ' 202 ', ' petar.bosnjakovic@viser.edu.rs ', 'Петар Бошњаковић, је рођен 1945. године у Нишу. Дипломирао је 1970. године на Електротехничком факултету у Београду, одсек Техничка физика. Магистрирао је 1979. године на Електронском факултету у Нишу, одбраном магистарског рада: "Нови конвертори напона и учестаност на бази интеграције". Године 1986. одбранио је докторску дисертацију на Електротехничком факултету Универзитета у Београду, под насловом "Електронско мерење електричне енергије".', 'Заменик директора Високе школе електротехнике и рачунарства струковних студија у Београду. Од априла 2002. године предаје електронику на Вишој електротехничкој школи у Београду. Од 2007. године предаје електронику на Високој школи електротехнике и рачунарства струковних студија у Београду.'),
(53, 'Петар Вукеља ', ' др ', ' Професор ', '/adresar/muskarac.jpg', ' ', ' 305 ', '  ', 'Рођен је у 1947. године у Прњавору (БиХ). Завршио је Електротехнички факултет - енергетски одсек у Београду, 1969. године. Магистрирао је на матичном факултету 1977. године, одбранивши тезу под насловом: "Прилог анализи поузданости прекидача".Докторирао је јануара 1998. године на Катедри за енергетику при Електротехничком факултету у Београду, одбранивши тезу: "Анализа могућности снижења изолационих нивоа објеката високих напона 400 кВ, 220 кВ и 110 кВ применом Монте Карло симулације" ', '	Године 1994. изабран је у звање професора Више електротехничке школе за предмет Одржавање електроенергетских уређаја. Као аутор или коаутор објавио је 117 научних и стручних радова из области електроенергетике.'),
(54, 'Петар Спалевић ', ' др ', ' Професор ', '/adresar/muskarac.jpg', ' \r', ' 006 ', ' pspalevic@viser.edu.rs ', '', ''),
(55, 'Предраг Сталетић ', ' др ', ' Професор ', '/adresar/55.jpg', ' КОНСУЛТАЦИЈЕ Понедељак, 29. јун у 15 сати, кабинет 502.\r', ' 502 ', ' pstaletic@yahoo.com ', '', ''),
(56, 'Радмила Вукић ', ' др ', ' Професор ', '/adresar/56.jpg', ' понедељак 13-15 часова четвртак 16-18 часова\r', ' 512 ', ' radmila.vukic@viser.edu.rs ', 'Рођена 1951.г. Завршила гимназију у Бањалуци, Босна и Херцеговина 1969.г. Завршила Електротехнички факултет у Бањалуци 1974.г.- Одсек за електронику и телекомуникације просечном оценом 9,13. Магистрирала 1982.г. на Електротехничком факултету у Загребу са темом: Анализа предиктивних вокодера". Звање доктора техничких наука из области електронике и телекомуникација стекла 1996. године на Електротехничком факултету у Бањалуци са докторском дисертацијом "Уградња неких прозодијских параметара у синтетизовани говор српског језика".', 'Радила као асистент на више предмета Катедре за телекомуникације ЕТФ (Основе телекомуникација, Дигиталне телекомуникације, Примопредајна техника, Осцилатори и појачавачи), а као доцент предавала студентима Телекомуникациона мерења и Електроакустику. Рад у средњем стручном образовању је захтевао стручни испит и рад на предметима Системи преноса и Информатика и рачунарство. Ужа стручна област рада су говорне технологије - анализа и синтеза говора. У ВИШЕР ангажована на предметима Апликативни софтвер и Електроакустика.'),
(57, 'Санда Рашковић Ивић ', ' др ', ' Професор ', '/adresar/zena.jpg', ' ', '  ', '  ', '', ''),
(58, 'Саша Стојковић ', ' др ', ' Професор ', '/adresar/muskarac.jpg', ' Релејна заштита: уторак, 17:00 до 19:00 Информационе технологије у ЕЕ: четвртак, 16:00 до 17:00', ' 505 ', ' sasa.stojkovic@EUnet.rs ', '', ''),
(59, 'Саша Бабић ', ' др ', ' Предавач ', '/adresar/muskarac.jpg', ' \r', '  ', '  ', '', ''),
(60, 'Светлана Штрбац-Савић ', ' мр ', ' Предавач ', '/adresar/60.jpg', ' среда, 14h-15h четвртак, 13h-15h\r', ' 502 ', ' svetlanas@viser.edu.rs ', 'Рођена 07.04.1972. године. Завршила основну школу "Владислав Рибникар" у Београду, а затим ИВ Београдску гимназију. Дипломирала на Математичком факултет у Београду на смеру Рачунарство и информатика. Завршила је постдипломаске студије Електротехничког факултета у Београду, смер Софтверски системи. Одбранила магистарску тезу под насловам Анализа перформанси скоробалансираних стабала бинарног претраживања код метнора проф. Мила Томашевића.', ''),
(61, 'Синиша Илић ', ' др ', ' Професор ', '/adresar/muskarac.jpg', '\r', '  ', '  ', '', ''),
(62, 'Синиша Влајић ', ' др ', ' Професор ', '/adresar/muskarac.jpg', ' \r', '  ', '  ', '', ''),
(63, 'Славица Маринковић ', ' др ', ' Професор ', '/adresar/63.jpg', ' понедељак: 12:00 - 14:00, среда: 13:00 - 15:00', ' 205 ', ' slavica.marinkovic@viser.edu.rs ', 'Др Славица Маринковић је рођена 1972. у Београду. Основну и средњу школу завршила је у Београду. Дипломирала је на Електротехничком факултету у Београду, одсек за Електронику, Аутоматику и Телекомуникације, 1997. године. Године 2002. одбранила је докторску дисертацију на Сиднејском Универзитету, под насловом "Сузбијање интерференције у CDMA и просторно-временски кодованим система са више улаза и излаза".', ''),
(64, 'Славица Савић ', '  ', ' Професор ', '/adresar/zena.jpg', ' \r', ' 511 ', ' jslavica@yahoo.com ', '', ''),
(65, 'Слободан Обрадовић ', ' др ', ' Професор ', '/adresar/muskarac.jpg', ' Путем електронске поште\r', ' 513 ', ' slobo.obradovic@gmail.com ', '', ''),
(66, 'Слободанка Ђенић ', ' др ', ' Професор ', '/adresar/66.jpg', ' уместо у четвртак 18.06.2015. консултације ће бити одржане: у петак 19.06.2015.2015. од 10:00 до 12:00', ' 407 ', ' sdjenic@viser.edu.rs ', 'Слободанка Ђенић рођена је 1965. године у Врањској бањи. Основну и средњу школу завршила је у Бору. Дипломирала је 27.10.1989. године на Електротехничком факултету у Београду, на смеру Електроника. Од 1989. до 1995. године била је запослена у институту “Иво Лола Рибар” у Београду, у лабораторији за енергетску електронику. Магистрирала је 01.06.1995. године на Електротехничком факултету у Београду, на смеру Електроника. Од 1995. до 2002. године била је запослена у институту “Михајло Пупин”, у лабораторији за телекомуникације. Од 2002. године запослена је на Вишој електротехничкој школи, данас Високој школи електротехнике и рачунарства струковних студија у Београду, као предавач на предметима из области програмирања. Докторирала је 12.05.2011. године на Техничком факултету у Чачку Универзитета у Крагујевцу.', 'Слободанка Ђенић је од 2002. године била аутор и предавач курсева Више електротехничке школе у Београду: Програмирање 1, Програмирање 2 и Увод у оперативне системе. Од 2012. године аутор је и предавач курсева Високе школе електротехнике и рачунарства струковних студија у Београду: Основи програмирања, Програмски језици, Основи информационих технологија и Технологије за електронско учење. Од 2012 обавља посао координатора студијског програма Нове рачунарске технологије - на даљину. Од 2012. аутор је и тутор електронских курсева Високе школе електротехнике и рачунарства струковних студија у Београду, на свим горе поменутим предметима на програму Нове рачунарске технологије - на даљину, на којима ради као предавач.'),
(67, 'Снежана Трстењак ', ' мр ', ' Предавач ', '/adresar/67.jpg', ' Ка2 sубота 09.00-10,30 K1 četvrtak 13.00-14,30\r', ' 303 ', ' visual3003@yahoo.com ', 'Трстењак Снежана /12.01.1963, БЕОГРАД/   - редитељ анимираних филмова и аниматор                                        -предавач у ВШЕР сс- Београд /2000 /,   Последипломско образовање:   -УНИВЕРЗИТЕТ УМЕТНОСТИ У БЕОГРАДУ -ВИИ 2 степен струĉне спреме, Група за дигиталну уметност - академски назив Магистар уметности у области дигиталних уметности.   Магистарска теза:ЧУВАРИ ПРИРОДЕ-Интерактивна дигитална анимација у школској настави   - УНИВЕРЗИТЕТ УМЕТНОСТИ У БЕОГРАДУ- докторске уметниĉке студије, дигитална уметност.  http://snezanatrstenjak.weebly.com/-commercials.html', 'Radno iskustvo kao stručni saradnik, od 2002. godine, na Visokoj školi elektrotehnike i računarstva strukovnih studija u okviru smera Audio i video tehnologije iz predmeta      a – multimedijalne produkcije                                                                                            b – osnovi animacije.                                                                                                          v – kompjuterska animacija                                                                                                g – digitalana televizija.  Осниваĉ атељеа „ Visual Production “.  Атеље је регистрован одлуком Удружења ликовних уметника примењених уметности и дизајнера Србије (УЛУПУДС) од 03. 04. 2001., (број регистра у Удружењу 74/1). Атеље окупља уметнике разлиĉитих профила и интересовања, аниматоре, редитеље, дизајнере, књиţевнике.  Сарадник маркетиншких агенција: „ Leo Burnett “, „ Ogilvy&Mother “, „ McCann Ericksons“, „ Partner “, „ Candyco-Korporacija “, „ Semio “ itd.. Reditelj i animator velikog broja TV reklama („Milk Shake “, „ Caramba “, „ Петроније “, „Соко Штарк “, „ Имлек“ – Биг Микс, сиреви итд.) Аутор прве пластелинске анимације у еx Југославији 1991 год. (шпица за „ФЕСТ 91.“)  Учесник на радионицама из области мултимедије и уметности као што су:  –ШКОЛА ЗА ИНФОРМАЦИОНЕ ТЕХНОЛОГИЈЕ у Београду Цхирон – курс за ЕД анимацију- програм МАЈА у трајању 4 месеца / Бгд, 2008 /  –Универзитет уметности у Београду – Екологија као контекст уметности / Наставник Јован Ристић, Пх. Хумана екологија, предаваĉ на Массацxyсеттс Институте оф Технологy од 1998-е год. Радионица поводом процене оправданости – неопходности уводјења предмета : Екологија као контекст уметности- Универзитет уметности у Београду , уĉесници-уметници по позиву. / Бгд, 2008 /   –Универзитет БРАЋА КАРИЋ ФАКУЛТЕТ ЗА МЕНАДŢМЕНТ и “Поwер Стратегy“-Онлине Маркетинг Агенцy, Ванцоувер, Цанада “УСПЕШАН МАРКЕТИНГ –7 ИНТЕРНЕТ СТРАТЕГИЈА–примери успешних светских интернет маркетинг кампања“,/Бгд,2004/  * 43. Ревије филмског стваралаштва деце и омладине -Члан жириja- Миодраг Новаковић, др Гордана Зиндовић Вукадиновић, мр Снежана Трстењак, Радослав Владић, мр Марко Стојановић, Страхиња Савић и др Светлана Безданов Гостимир'),
(68, 'Соња Крстић ', ' др ', ' Професор ', '/adresar/68.jpg', ' Понедељак: 15:00-17:00 Среда: 15:00-17:00\r', ' 109 ', ' sonja.krstic@viser.edu.rs ', 'Рођена је у Београду. Дипломирала је на Електротехничком факултету у Београду, смер Електроника. Магистрирала је на Електротехничком факултету у Београду 1993. године, одбранивши тезу под насловом: Поузданост електронских компонената за израду електронских инструмената. Докторирала је на УНС одбранивши прву докторску дисертацују из области Музичке акустике на овим просторима: Истраживање утицаја промене врсте материјала на фреквенцијски спектар музичких инструмената.', 'У Вишој електротехничкој школи ради најпре као асистент на предмету Електроника и Основе електротехнике, а затим од 1995. године као предавач на предмету Електротехнички материјали и компоненте. Од 2000. године  ради у звању професора на предметима Електротехнички материјали и компоненте, Основи електротехнике 1 и 2 и Електротехника. Од 2005. године ради као професор на предметима Основи електротехнике 1 и 2, Електротехника и Музички инструменти. Од 2012. године ради као професор на предметима Електротехника, Музички инструменти, Снимање звука, Снимање и продукција звука за медије и Примењена акустика.'),
(69, 'Хана Стефановић ', ' др ', ' Предавач ', '/adresar/69.jpg', ' понедељак, 11-13 часова среда, 12-14 часова или договор путем E-mail-a\r', ' 407 ', ' hana@viser.edu.rs ', 'Хана З. Стефановић (рођ. Поповић) рођена је 1977. год. у Београду.  Дипломирала је 2002. год. на Електротехничком факултету Универзитета у Београду, смер Електроника, Телекомуникације и Аутоматика, одсек Аутоматика.  Магистрирала је 2007. год. на Електронском факултету Универзитета у Нишу, смер Телекомуникације.  Докторирала је 2014. год. на Електронском факултету Универзитета у Нишу, модул Телекомуникације.', ''),
(70, 'Часлав Хаџи-Николић ', ' др ', ' Професор ', '/adresar/muskarac.jpg', ' ', ' 502 ', '  ', '', ''),
(71, 'Александар Симовић ', ' дипл. инг. ', ' Сарадник у настави ', '/adresar/71.jpg', ' Среда: 14:00-16:00;  Четвртак: 14:00-16:00', ' 507 ', ' aleksandars@viser.edu.rs ', 'Рођен у Београду. У Високој школи електротехнике и рачунарства струковних студија у Београду дипломирао на предмету Електронска трговина код проф. др Мирослава Лутовца са највишом оценом на тему Израда online продавнице и стекао звање Струковни инжењер електротехнике и рачунарства за електронско пословање.  Студије на ВИСЕР-у завршио са просечном оценом 9,62.  Школовање наставља на Универзитету Сингидунум на Техничком факултету. Дипломира на предмету Системи за подршку одлучивању код проф. др Владислава Мишковица са највишом оценом на тему Имплементација интелигентних агената у е-трговини на примеру е-продавнице књига и стиче звање Дипломирани инжењер менаџмента.  Студије на Сингидунуму завршио са просечном оценом 9,76.', 'Аутор је и администратор сајта Школе за електронску продају књига: www.prodavnicaknjiga.rs  Опширније о професионалним активностима, пројектима и радовима на: www.elektronskoposlovanje.rs'),
(72, 'Амела Зековић ', ' дипл. инг. ', ' Асистент ', '/adresar/72.jpg', ' по договору mail-ом', ' 205 ', ' amelaz@viser.edu.rs ', '', ''),
(73, 'Ана Милетић ', ' дипл. инг. ', ' Сарадник у лабораторији ', '/adresar/73.jpg', ' Договор путем електронске поште', ' 408 ', ' anam@viser.edu.rs ', 'Рођена је у Београду 1982. године. Завршила је XII београдску гимназију 2001. године. Дипломирала на Вишој електротехничкој школи у Београду, 2004. године. Технички факултет „Михајло Пупин“, Универзитет у Новом Саду, завршила 2009. године, смер: дипл. инж. информатике. На Факултету организационих наука у Београду завршила је  дипломске академске мастер студије, смер Информациони системи и технологије, модул: Информационе технологије, са темом „Миграција курсева у системима студија на даљину“.', 'Администратор система за учење на даљину.  Учествовала је у пројектима реализације мултимедијалних уџбеника и интерактивних, аудио-визуелних туторијала за е-учење на Високој школи електротехнике и рачунарства струковних студија у Београду, предмети: Рачунарске мреже, Интернет протоколи и технологије, Дигиталне мултимедије 1 и 2, Основи информационих технологија.  Сарадник у координацији наставе на студијском програму Нове рачунарске технологије - на даљину на Високој школи електротехнике и рачунарства струковних студија у Београду.'),
(74, 'Биљана Бојичић ', ' дипл. инг. ', ' Асистент ', '/adresar/zena.jpg', '', ' 507 ', ' biljana.bojicic@viser.edu.rs ', '', ''),
(75, 'Борислав Крнета ', ' дипл. инг. ', ' Сарадник у настави ', '/adresar/75.jpg', '', ' 405 ', ' borak@viser.edu.rs ', '', ''),
(76, 'Борјана Стојић ', ' ', ' Стручни сарадник ', '/adresar/zena.jpg', '', ' 507 ', ' borjanabg@gmail.com ', '', ''),
(77, 'Борко Чупић ', ' дипл. инг. ', ' Асистент ', '/adresar/77.jpg', ' Понедељак 13-14 часова Уторак 10-12 часова', ' 301 ', ' borko.cupic@viser.edu.rs ', 'Датум рођења 16.04.1978 године у Смедеревској Паланци, где сам завршио основну и средњу електротехничку школу. Након завршене средње школе уписао сам Електротехнички факултет у Београду 1997 године, одсек Енергетика, смер за Електроенергетске системе. По завршетку Електротехничког факултета уписао сам мастер студије на катедри за Електроенергетске системе. Дипломирао сам 2009. године са темом "Примена система мрежне тон фреквентне команде у управљању потрошњом електричне енергије". Ментор при изради мастер рада је био професор Др Драгутин Саламон.', 'Секретар студијског програма Нове енергетске технологије, са учешћем у организацији и извођењу наставе. Ангажовање на предметима Основи електроенергетике, Електричне инсталације и осветљење, Високонапонски апарати и Дистрибуција и продаја електричне енергије.Израда практикума за лабораторијске вежбе на предмету Електричне инсталације и осветљење. Учешће у формирању и организацији специјалистичких студија на СП Нове енергетске технологије.');
INSERT INTO `profesori` (`idProfesor`, `imePrezime`, `titula`, `zvanje`, `slika`, `konsultacije`, `kabinet`, `mail`, `biografija`, `aktivnost`) VALUES
(78, 'Бошко Богојевић ', ' дипл. инг. ', ' Асистент ', '/adresar/78.jpg', ' Понедељак: 17.00.-18.00. Уторак: 13.00.-14.00. Среда: 16:00-18.00. Четвртак: 13.00.-14.00. Петак: 13.00.-14.00.', ' 408 ', ' bosko.bogojevic@viser.edu.rs ', 'Рођен 1976. године у Земуну, Србија 2002. године завршио Вишу електротехничку школу, стекао звање Инжењер електротехнике за рачунарску технику. 2007. године завршио Технички Факултет "Михајло Пупин" Универзитета у Новом Саду, стекао звање Дипломирани инжењер информатике. 2010. године уписао докторске студије, смер Рачунарство и информатика, на Електронском факултету Универзитета у Нишу.', ''),
(79, 'Бранислав Павић ', ' дипл. инг. ', ' Сарадник ', '/adresar/muskarac.jpg', '', '  ', '  ', '', ''),
(80, 'Весна Петковић ', ' дипл. инг. ', ' Сарадник ', '/adresar/80.jpg', ' Четвртак 15-17', '  ', ' vesna.petkovic@viser.edu.rs ', 'Рођена у Београду. Дипломирала је на Факултету организационих наука Универзитета у Београду, смер Информациони системи. Студент постдипломских магистарских студија на Факултету организационих наука Универзитета у Београду, смер Информациони системи. Twitter: http://twitter.com/pvesna', 'у Високој школи електротехнике и рачунарства ради на пројекту развоја и одржавања информационог система Школе'),
(81, 'Владимир Церић ', ' дипл. инг. ', ' Асистент ', '/adresar/81.jpg', ' понедељк: 11.00-13.00ч уторак: 11.00-13.00ч четвртак: 11.30-12.30ч', ' 401 ', ' ceric@viser.edu.rs ', 'Рођен 8. децембра 1983. године у Београду. Дипломирао на Музичкој продукцији у Високој школи електротехнике и рачунарства на смеру Аудио и видео технологије. Дипломирао на Рачунарској графици и дизајну на Факултету за информатику и менаџмент. Одбранио мастер рад Дигитални текст: интерактивност и интертекстуалност на Интердисциплинарним студијама Универзитета уметности у Београду. Студент докторских студија Факултета драмских уметности у Београду на Теорији драмских уметности, медија и културе.', 'У школи ради на пословима секретара студијског програма Аудио и видео технологије. Изводи практичну наставу и учење на даљину на следећим предметима Видео продукција, Медији масовне комуникације, Телевизијске камере и Музички инструменти.'),
(82, 'Владимир Тадић ', ' дипл. инг. ', ' Сарадник ', '/adresar/muskarac.jpg', '', '  ', '  ', '', ''),
(83, 'Владимир Петровић ', ' маст. ', ' Сарадник ', '/adresar/83.jpg', ' По договору', ' 408 ', ' v.petrovic.rs@gmail.com ', 'Рођен 1985. године у Београду. 2004. Средња електротехничка школа "Раде Кончар", Београд, 2007. Виша електротехничка школа, Београд, 2010. Факултет за информатику и менаџмент, Универзитет Сингидунум, Београд, 2010. Студент дипломских академских - мастер студија на Факултету организационих наука у Београду.', 'Сарадник на предметима Технике визуелног програмирања, Програмирање апликација база података, Интеграција софтверских технологија, Интеракција човек - рачунар, рад на развоју и одржавању информационог система Школе Развој софтвера на .NET и Android платформама.'),
(84, 'Владимир Шиљкут ', ' дипл. инг. ', ' Сарадник ', '/adresar/muskarac.jpg', ' По договору, на контакт мејл или телефоне: 26-36-250 (до 15:00) и 064/396-0-384', ' 305 ', ' vladash@edb.eps.co.yu ', 'Владимир М. Шиљкут рођен је 1966. у Београду. Завршио је Електротехнички факултет у Београду 1994, одсек Енергетика, смер Електроенергетски системи.', 'Од 2003. ради као хонорарни стручни сарадник и предавач на предмету Дистрибуција и продаја електричне енергије, а од 2006. и као сарадник на предмету Електране и разводна постројења 2.'),
(85, 'Габријела Димић ', ' дипл. инг. ', ' Асистент ', '/adresar/85.jpg', ' Договор путем електронске поште.', ' 408 ', ' gdimic@viser.edu.rs ', 'Рођена 1971. године у Сарајеву. 1999. године завршила Вишу електротехничку школу, смер Рачунарска техника. 2003.године положила испит 70-229 (Designing and Implementing Databases with Microsoft SQL Server 2000 Enterprise Edition) и стекла звање Microsoft Certified Professional (MCP). 2007. године завршила Технички факултет "Михајло Пупин" у Зрењанину, смер Дипломирани инжењер информатике. 2007. године уписала докторске академске студије на Електронском факултету у Нишу.', ''),
(86, 'Далибор Вукић ', ' дипл. инг. ', ' Лаборант ', '/adresar/86.jpg', ' уторак: 10-12ч петак: 12-15ч', ' ЛВ1 ', ' daliborv@viser.edu.rs ', '', ''),
(87, 'Дејан Матијевић ', ' дипл. инг. ', ' Сарадник у настави ', '/adresar/87.jpg', '', '  ', '  ', '', ''),
(88, 'Дивна Мићић ', ' инж. ', ' Лаборант ', '/adresar/88.jpg', ' Летњи семестар школске 2014/2015:  Понедељак    16.00ч-17.00ч  Уторак       16.00ч-17.00ч       Четвртак     12.00ч-14.00ч  Петак        17.30ч-18.30ч  или договор путем мејла', ' 512 ', ' divnam@viser.edu.rs ', 'Дивна Мићић је рођена 1981. у Панчеву. Завршила је Гимназију „Урош Предић“, у Панчеву. Након тога је завршила Вишу електротехничку школу у Београду, смер Електроника и телекомуникације  и дипломирала 2007. код проф. др Зорана Бањца.', ''),
(89, 'Димитрије Мајкић ', ' дипл. инг. ', ' Лаборант ', '/adresar/89.jpg', '', ' 309 ', ' dimitrije.majkic@viser.edu.rs ', 'Година рођења 1975.  Место рођења Београд  Образовање M.Sc', ''),
(90, 'Дражен Драшковић ', ' дипл. инг. ', ' Сарадник ', '/adresar/muskarac.jpg', ' после часова', ' 407 ', ' drazen.draskovic@etf.rs ', '', ''),
(91, 'Емилија Кисић ', ' маст. ', ' Асистент ', '/adresar/91.jpg', '', ' 104 ', ' emilija.kisic@viser.edu.rs ', '', ''),
(92, 'Здравко Недић ', ' маст. ', ' Сарадник у настави ', '/adresar/muskarac.jpg', '', ' 508 ', ' zdravko.nedic@gmail.com ', 'Завршене мастер студије на Електротехничком факултету, Универзитет у Београду, Катедра за рачунарску технику и информатику', ''),
(93, 'Зорица Чолић ', ' мр ', ' Асистент ', '/adresar/93.jpg', ' utorak, 12-13h sreda, 16-17h', ' 509 ', ' zoricac@viser.edu.rs ', '', ''),
(94, 'Ивана Костић ', ' дипл. инг. ', ' Сарадник ', '/adresar/zena.jpg', '', '  ', '  ', '', ''),
(95, 'Ивана Стефановић ', ' инж. ', ' Лаборант ', '/adresar/95.jpg', ' Понедељак: 14:00-16:00 Среда: 15:00-16:00 Петак: 15:00-16:00', ' 504 ', ' ivanas@viser.edu.rs ', '', ''),
(96, 'Јелена Митић ', ' дипл. мат. ', ' Сарадник ', '/adresar/96.jpg', '', ' 408 ', ' jelenam@viser.edu.rs ', '', ''),
(97, 'Јулијана Пантић ', ' дипл. инг. ', ' Лаборант ', '/adresar/97.jpg', ' Летњи семестар 2014/2015: понедељак 16:00 - 18:00 четвртак 10:30 - 12:30 часова или  по договору електронском поштом.', ' 503 ', ' julijanap@viser.edu.rs ', '', ''),
(98, 'Љубодраг Николић ', ' ', ' Сарадник у настави ', '/adresar/98.jpg', '', ' 305 ', '  ', '', ''),
(99, 'Мијат Штимац ', ' ', ' Лаборант ', '/adresar/99.jpg', ' Понедељак: 17:30-18:30, Среда: 11:30-14:30, Четвртак: 17:30-18:30.', ' 203A ', ' mijats@viser.edu.rs ', 'Мијат Штимац је рођен 1988. у Београду. Завршио је средњу електротехничку школу Никола Тесла. Након тога је уписао Високу школу електротехнике и рачунарства струковних студија у Београду, смер Електроника и телекомуникације где је 2010. године дипломирао код Мр Борислава Хаџибабића са темом Пројектовање и развој наменског модула за лабораторијске вежбе из микроконтролера.   Специјалистичке студије завршио на Високој школи електротехнике и рачунарства струковних студија, а завршни рад одбранио код Др Петра Бошњаковића на тему Појачавач у D класи.', ''),
(100, 'Милан Ивезић ', ' дипл. инг. ', ' Сарадник у настави ', '/adresar/100.jpg', ' Сриједа од 16:00 до 18:00                                                                        Петак од 8:45 до 10:45', ' 505 ', ' milan.ivezic@viser.edu.rs ', '', ''),
(101, 'Милан Јовић ', ' дипл. инг. ', ' Сарадник у настави ', '/adresar/muskarac.jpg', ' Договор путем е-поште.', ' 505 ', ' milan.jovic@viser.edu.rs ', '', ''),
(102, 'Милица Јевремовић', ' дипл. инг. ', ' Асистент ', '/adresar/102.jpg', ' уторак 13:00-15:00 четвртак 13:00-15:00', ' 511 ', ' milicag@viser.edu.rs ', 'Рођена 1980. године у Београду. 1999-2005 Дипломирала на Факултету организационих наука у Београду 2005 године из предмета маркетинг са темом „Истраживање тржишта”. Студент завршне године докторских студија на Факултету организационих наука на смеру Менаџмент.', ''),
(103, 'Милица Мишић ', ' дипл. инг. ', ' Сарадник у лабораторији ', '/adresar/103.jpg', '', '  ', '  ', '', ''),
(104, 'Милица Хаммонд ', ' ', ' Сарадник у настави ', '/adresar/104.jpg', '', '  ', '  ', '', ''),
(105, 'Милутин Нешић ', ' инж. ', ' Лаборант ', '/adresar/105.jpg', '', ' 202 ', ' milutin.nesic@viser.edu.rs ', '', ''),
(106, 'Мирјана Тодоровић ', ' инж. ', ' Лаборант ', '/adresar/zena.jpg', '', '  ', '  ', '', ''),
(107, 'Мирко Милошевић ', ' дипл. инг. ', ' Сарадник у настави ', '/adresar/107.jpg', ' среда 14.00 - 16.00 четвртак 12.00 - 14.00', ' 109 ', ' mirko.milosevic@viser.edu.rs ', 'Рођен 2. новембра 1983. године у Београду. Дипломирао на Музичкој продукцији у Високој школи електротехнике и рачунарства на смеру Аудио и видео технологије.', ''),
(108, 'Мирко Ступар ', ' маст. ', ' Сарадник у настави ', '/adresar/108.jpg', ' Кабинет 509-A.  Понедељак: 13:00 - 15:00  Среда: 11:00 - 13:00  Четвртак: у четвртак 11.12.2014. консултације неће бити држане због најављеног искључења електричне енергије.  Петак: 11:00 - 13:00', ' 509-A ', ' mirko.stupar@viser.edu.rs ', '', ''),
(109, 'Нада Сталетић ', ' инж. ', ' Лаборант ', '/adresar/109.jpg', ' Понедељак: 16:00-17:00  Среда: 14:00-16:00  Четвртак: 13:00-15:00', ' 503 ', ' nada.staletic@viser.edu.rs ', '', ''),
(110, 'Немања Мачек ', ' др ', ' Асистент ', '/adresar/110.jpg', ' Понедељак 17-19 или по договору путем е-поште.', ' 508 ', ' nemanja.macek@viser.edu.rs ', 'Рођен 1975 године з Зајечару. Основну школу и гимназију завршио у Бору.  Дипломирао 2006. године на Универзитету у Новом саду.  Докторирао 2013. године на Факултету за информатику и рачунарство Универзитета Сингидунум, студијски програм Напредни системи заштите, на тему "Једна класа адаптивних система за детекцију упада у рачунарске мреже", ментор проф. др Милан Милосављевић.', 'Стучно: администрација Linux оперативних система, заштита рачунарских система и мрежа (контрола приступа, мрежне баријере, ИДС, криптографска решења, дигитална форензика, профајлинг упада).  Научно истраживачке области: информациона безбедност, примена машинског учења и вештачке интелигенције на заштитне механизме, биометрија, криптологија.'),
(111, 'Ненад Толић ', ' инж. ', ' Лаборант ', '/adresar/111.jpg', ' Уторак: 16:00 - 18:00, Среда: 12:00 - 14:00, Четвртак: 17:30 - 18:30.', ' 203A ', ' nenad.tolic@viser.edu.rs ', 'Ненад Толић је рођен 1974. у Београду. Завршио је средњу електротехничку школу Никола Тесла. Након тога је завршио Вишу електротехничку школу у Београду, смер Електроника и дипломирао 1998. код Др Слободана Петковића са темом Систем за глобално позиционирање (ГПС). 2009. године дипломира на Високој школи електротехнике и рачунарства струковних студија код Др Петра Бошњаковића са темом Електронски модули намењени за извођење практичне наставе у лабораторији за електронику високе школе струковних студија. Специјалистичке студије завршио на Високој школи електротехнике и рачунарства струковних студија, а завршни рад одбранио код Др Петра Бошњаковића на тему Екстраполатор времена.', 'Секретар студијског програма Електроника и телекомуникације.'),
(112, 'Ненад Сељишта ', ' инж. ', ' Сарадник ', '/adresar/muskarac.jpg', '', '  ', '  ', '', ''),
(113, 'Никола Иванишевић ', ' ', ' Лаборант ', '/adresar/muskarac.jpg', '', ' 102 ', ' nikolai@viser.edu.rs ', '', ''),
(114, 'Петар Петровић ', ' дипл. инг. ', ' Сарадник ', '/adresar/muskarac.jpg', '', ' 513 ', ' petrovicp@ems.rs ', '', ''),
(115, 'Предраг Гавриловић ', ' дипл. инг. ', ' Асистент ', '/adresar/115.jpg', '', ' 405 ', ' gpredrag@viser.edu.rs ', '', ''),
(116, 'Радослав Јекић ', ' инж. ', ' Лаборант ', '/adresar/116.jpg', '', ' 202 ', ' radoslav.jekic@viser.edu.rs ', '', ''),
(117, 'Сања Голубовић ', ' дипл. инг. ', ' Сарадник у настави ', '/adresar/zena.jpg', '', ' 507 ', ' sgolubovic@viser.edu.rs ', '', ''),
(118, 'Слободан Драшковић ', ' дипл. инг. ', ' Сарадник у настави ', '/adresar/118.jpg', ' Уторак 14:00-16:00   Среда 14:00-16:00', ' 104 ', ' slobodand@viser.edu.rs ', '', ''),
(119, 'Стефан Димитријевић ', ' дипл. инг. ', ' Асистент ', '/adresar/119.jpg', '', ' 501 ', ' stefan.dimitrijevic@viser.edu.rs ', '', '');

-- --------------------------------------------------------

--
-- Table structure for table `smerovi`
--

CREATE TABLE IF NOT EXISTS `smerovi` (
  `id_smer` int(11) NOT NULL,
  `naziv` text NOT NULL,
  `skracenica` text NOT NULL,
  `id_ruk` int(11) NOT NULL,
  `id_sek` int(11) NOT NULL,
  `slika` text NOT NULL,
  `boja` text NOT NULL,
  `opis` text NOT NULL,
  `kompetencije` text NOT NULL
) ENGINE=InnoDB AUTO_INCREMENT=15 DEFAULT CHARSET=utf8;

--
-- Dumping data for table `smerovi`
--

INSERT INTO `smerovi` (`id_smer`, `naziv`, `skracenica`, `id_ruk`, `id_sek`, `slika`, `boja`, `opis`, `kompetencije`) VALUES
(1, 'Аутоматика и системи управљања возилима', 'АСУВ', 49, 87, 'smerovi/asuv.jpg', '#DC544E', 'У Вишој електротехничкој школи у Београду од 1992. године постоји смер Аутоматика, који спада у фундаменталне области савремене технике. Тешка привредна ситуација и мали број предузећа која раде са пуним капацитетом у нашем окружењу, у деведесетим годинама, довео је до тога да се формира све више малих и средњих предузећа која успешно прате и покушавају да примене све оно што се ван наших граница незадрживо усавршило. \r\n\r\nНа нашем тржишту већ сад постоји потреба за савремено образованим инжeњерима аутоматике који су обучени да пројектују и одржавају аутоматизоване процесе. Уједно је аутомобилска индустрија доживела експанзију у примени електронике, рачунара и аутоматике. У тој области се тек очекују значајна улагања произвођача. Нове технике и технологије, као и нови прописи су довели до тога да већ данас на нашем тржишту има недостатка високо образовног кадра из ове две поменуте области примењене аутоматике. Студијски програм Аутоматика и системи управљања возилима би оспособио у оквиру Високе струковне школе тај неопходни кадар.\r\n', 'Савладавањем студијског програма студент стиче опште и предметно-специфичне способности:\r\n•	да прати и примењује новине у струци (стицање знања из опште образовних предмета и савремених области аутоматике и рачунарства омогућавају да се са успехом прате области савремене аутоматизације и рачунарски управљаних процеса, као и управљања у возилима);\r\n•	да развија вештина и спретности у употреби знања (оспособљавање за пројектовање, реализацију и одржавање процеса и система аутоматизације);\r\n•	да употребљава информационо-комуникациону технологију у овладавању знањима из одговарајућег подручја (употреба знања о коришћењу рачунарске технологије и уређаја, са општим и специфичним апликативним софтвером, нормама, правилима и стандардима у локализацији и отклањању кварова, као и принципима рада и захтевима различитих електро-машинских система у процесима и на возилима);\r\n•	да пројектује и организује радне процесе, да пројектује и доноси оперативне одлуке о обиму, оправданости и праћењу пословања средњих и малих предузећа, ауто кућа и специјализованих сервиса;\r\n•	да учествује у тимском раду и буде пуноправни члан стручног и пословног тима;\r\n•	да може наставити даље усавршавање на специјалистичким студијама.\r\n'),
(2, 'Електроника и телекомуникације', 'ЕЛИТЕ', 63, 111, 'smerovi/elite.jpg', '#F26522', 'Електроника и телекомуникације су фундаменталне области савремене технике. Сматра се да је, посматрано у целини, електроника највећа индустријска грана савременог света, већа од аутомобилске и нафтне индустрије. По природи ствари електроника је постала физичка основа рачунарства и телекомуникација. Развој електронске индустрије допринео је "зближавању" појединих традиционално одвојених области, као што су на пример, комуникације и рачунарска техника. Способност електронских рачунара да међусобно "разговарају" на свом "дигиталном језику" омогућила је обједињавање рачунарске и комуникационе опреме, тако да данашњи рачунари могу да раде у склопу географски и просторно распрострањених рачунарских система, а комуникационе мреже могу да преносе информације кроз рачунарске системе. Очекује се да се овај процес "индустријске конвергенције" настави, али и прошири на друге области људског деловања.\r\n\r\nЗбог свеопште присутности електронике и телекомуникација у разним делатностима, ове области се у извесној мери и на специфичан начин изучавају на више високошколских установа. Међутим, једино на електротехничким факултетима и вишим електротехничким школама студенти имају могућност да стекну свеобухватна и коплетна знања из области електронике и телекомуникација. Студијски програм Електроника и телекомуникације Високе школе електротехнике и рачунарства струковних студија има управо за циљ да "снабдева" домаћу привреду потребним кадровима који располажу практичним знањима потребним за примену савремених технологија. Оптимизирани су садржај и обим стручног знања, трошкови и време потребно за достизање одговарајућег нивоа образовања.\r\n\r\nЕвидентно је да се у свету, последњих година много улаже у развој интегрисаних електронских кола високог степена интеграције и високих перформанси. Електронске компоненте неопходне за развој и производњу професионалних уређаја су комерцијално доступне по приступачним ценама. Ово пружа шансу и малим предузећима, са скромним финансијским средствима, да крену у развој и производњу професионалне опреме. Када се ради о малим серијама могуће је бити конкурентан по перформансама и цени великим западним корпорацијама. Да би се пружене могућности искористиле и обезбедило место у светској расподели рада, неопходно је имати одговарајући стручни кадар. Висока школа електротехнике и рачунарства, у Београду, овим студијским програмом даје потребан допринос унапређењу стручних знања у земљи.\r\n\r\nСтудијски програм Електроника и телекомуникације уведен је 2003. године на Вишој електротехничкој школи у Београд, а на основу осавремењивања смера Електроника. Током четири године програм је усавршаван, у складу са принципима Болоњске декларације, тако да одговара савременим светским трендовима у области високог образовања.\r\n', 'Студенти овог студијског програма се оспособљавају за :\r\n•	припрему изградње,\r\n•	стручну набавку,\r\n•	трговину,\r\n•	изградњу,\r\n•	инсталацију,\r\n•	испитивање и експлоатацију,\r\n•	сервисну обуку и одржавање,\r\n•	сарадњу при пројектовању,\r\n•	надзор при изградњи и пријему специјализованих уређаја, подсистема и система у области електронике и телекомуникација.\r\n'),
(3, 'Нове енергетске технологије', 'НЕТ', 3, 101, 'smerovi/net.jpg', '#0B9444', 'Већ више од једног века електрична енергија је покретач светске привреде, а данас се може рећи и да је покретач савременог света. Потрошња електричне енергије непрестано расте и постаје мерило животног стандарда. Све привредне гране савременог света базиране су на коришћењу електричне енергије за све врсте погона у производњи свих врста добара, за транспорт и комуникације, за висок квалитет живота уопште. Потребе за електричном енергијом расту све брже и све је теже доћи до нових извора који ће омогућити производњу електричне енергије. Проналажење нових, алтернативних и обновљивих извора енергије постао је примарни задатак енергетичара. Уз то, енергију треба пренети и дистрибуирати до нових потрошача уз минумим губитака и сачувати човекову животну средину за нова покољења. Енергетска ефикасност постаје други важан задатак.\r\n\r\nТренутно стање и пројекција привредног раста Републике Србије указују на пораст потреба за новим профилом стручњака из области електроенергетике, који ће поред класичних стручних знања из електроенергетике, стећи и знања из обновљивих извора енергије, екологије, информатике, електронике, аутоматике, економије и менаџмента. Eнергетика је један од два оснивачка смера на Вишој електротехничкој школи у Београду (формиран 1987. године) и спада у фундаменталне области савремене технике. Чувајући језгро струке, а уважавајући чињеницу да је енергетика све више мултидисциплинарна област, дошло се до ефикасног студијског програма Нове енергетске технологије.\r\n\r\nУвођењем нових стручних предмета, као и осавремењивањем програма постојећих предмета постигнуто је боље покривање актуелних садржаја у вези нових енергетских технологија: примена обновљивих извора енергије, мале електране, енергетска ефикасност, екологија у енергетици, енергетска сигурност.\r\n\r\nСтудијски програм Нове енергетске технологије Високе школе електротехнике и рачунарства струковних студија има за циљ да oформи стручни кадар за експлоатацију, одржавање и пројектовање електроенергеских система, погона и уређаја, применом савремених енергетских и информационих технологија.\r\n', 'Савладавањем студијског програма студент стиче опште и предметно-специфичне способности:\r\n•	да прати и примењује новине у струци;\r\n•	да развија вештине и спретности у употреби знања;\r\n•	да употребљава информациону и комуникациону технологију у овладавању знањима из одговарајућег подручја (примени знања о коришћењу рачунарске технологије и савремене технолошке опреме, са општим и специфичним апликативним софтвером);\r\n•	да учествује у тимском раду и буде пуноправни члан стручног и пословног тима;\r\n•	да може наставити даље усавршавање на специјалистичким студијама.\r\n'),
(4, 'Рачунарска техника', 'РТ', 38, 88, 'smerovi/rt.jpg', '#1F4378', 'У Вишој електротехничкој школи у Београду 1992. године основан је смер Рачунарска техника са циљем оспособљавања кадрова у области електротехнике и рачунарства. Наставни програм на овом смеру непрестано је унапређиван, пратећи најновија достигнућа из области рачунарске технике. У том смислу јавила се потреба за проширивањем наставног плана поменутог смера, у постојећим и неким новим уже-стручним областима без којих се не може замислити образовање савремених инжењера електротехнике и рачунарства, тако да је 1997. године основан смер Нове рачунарске технологије. Временом су на смеру Рачунарска техника издвојени предмети који припадају бази знања рачунарског инжењерства IEEE/ACM Computer Engineering, а на смеру Нове рачунарске технологије они који припадају бази знања информационих технологија IEEE/ACM Information Technology. И на једном и на другом смеру има предмета који припадају бази знања рачунaрских наука IEEE/ACM Computer Science.\r\n\r\nСтудијски програм Рачунарска техника, који се предлаже, усклађен je са базом знања IEEE/ACM Computer Engineering. Овај студијски програм користио би искуства стечена на смеру Рачунарска техника, нудио својим студентима класичне и савремене облике теоријске и практичне наставе и оспособљавао кадар, за којим постоји стална потреба у нашем друштву.\r\n', 'Компетенције дипломираних студената:\r\nСпособности које стиче студент савладавањем студијског програма су следеће:\r\nпознавање и разумевање струке,\r\nпримена стечених знања у пракси,\r\nефикасно решавање конкретних проблема у пракси,\r\nразвијање интелектуалних способности,\r\nповезивање знања из своје стручне области са знањима из различитих области.\r\n\r\nОпис исхода учења:\r\nСтудијски програм Рачунарска техника студентима пружа могућност да стекну знања која могу применити свуда где постоји потреба за:\r\nпројектовањем хардвера и софтвера,\r\nпројектовањем,\r\nреализацијом и одржавањем информационих система и пројектовањем,\r\nинсталацијом и одржавањем рачунарских мрежа.\r\nОвај студијски програм формира стручни кадар, који може бити потпуно оспособљен за практичан рад у струци, непосредно по дипломирању, као и за даље стручно усавршавање.\r\n'),
(5, 'Аудио и видео технологије', 'АВТ', 68, 81, 'smerovi/avt.jpg', '#9F1F63', 'Данашњи степен технолошко-цивилизацијског развоја друштва подразумева неодвојивост свакодневних активности човека од контакта са неком формом продукције звука и слике:\r\n\r\nтелевизијски и радио програми,\r\nмузичка и видео издања,\r\nмултимедијална издања,\r\nграфички дизајн,\r\nанимација,\r\nИнтернет и маркетинг.\r\nУочена је потреба друштвеног и привредног сектора за школовање кадра, односно за унапређење знања и звања која су потребна у динамичном развоју технике и технологије у области звука, слике и медија са сталним\r\nприлагођавањем променама.\r\n\r\nСмер Аудио и видео технологије Више електротехничке школе формиран је школске 2000/01 под називом Аудио и ТВ техника у форми двоипогодишњег студирања. Школске године 2002/03 прешло се на трогодишње студирање и извршена је промена имена. Динамика уписа на смеру Аудио и видео технологије Више електротехничке школе у претходним годинама била је таква да је уочено да број заинтересованих за студирање на овом смеру расте, што указује да је смер добро профилисан и оправдава своје постојање. Студијски програм Аудио и видео технологије Високе школе електротехнике и рачунарства струковних студија проистекао је из смера Аудио и видео технологије Више електротехничке школе. Током\r\nчетири године програм је усавршаван у складу са принципима Болоњске декларације тако да одговара захтевима високог образовања.\r\n\r\nСтудијски програм Аудио и видео технологије Високе школе електротехнике и рачунарства струковних студија има за циљ да формира струковног инжењера електротехнике и рачунарства за аудио и видео технологије, који ће моћи да примени и прати врхунске технологије са којима се данас ради у областима звука и слике, па је у том смислу јединствен студијски програм у нашем високом школству.', 'Савладавањем студијског програма Аудио и видео технологије студент стиче опште и предметно специфичне способности:\r\n\r\nда прати и примењује новине у струци стицањем знања из области продукције и постпродукције слике и звука, као и области примене технологија у 2D и 3D компјутерској анимацији;\r\nда развија вештине и спретности у употреби знања оспособљавањем за пројектовање, као и дизајнирање аудио и видео система;\r\nда употребљава информационо-комуникациону технологију у овладавању знањима из одговарајућег подручја (употреба знања обраде аудио и видео сигнала и принципа дигиталних система у пројектовању, коришћењу и одржавању медијских и телекомуникационих система, употреба знања о коришћењу рачунарске технологије и уређаја, са општим и апликативним софтвером, нормама, правилима и стандардима у раду са аудио и видео сигналима, као и у области компјутерске анимације);\r\nда пројектује и организује радне процесе, организује контролу производње аудио и видео уређаја, као и медијског матерјала (аудио и видео записа), доноси оперативне одлуке, затим да пројектује и доноси оперативне одлуке о обиму оправданости увођења и праћења послова везаних за техничку подршку медија;\r\nда има способност да напише и презентује резултате рада (аудио и видео запис, мултимедијална презентација).'),
(6, 'Нове рачунарске технологије', 'НРТ', 14, 78, 'smerovi/nrt.jpg', '#065D6D', 'Велико интерeсовање студенaта за рачунарство допринело је да су на Вишој електротехничкој школи основана два смера: хардверски Рачунарска техника (1992.године) и софтверски Нове рачунарске технологије (1997. године). Интересовање за ова два смера је свих протеклих година било велико. Један од разлога је сигурно и чињеница да преко 80% дипломираних студената ова два смера ради у струци.\r\n\r\nСве већа примена рачунара код нас и у свету довела је до тога да се већа пажња посвети образовању стручњака за велики број ужих области рачунарства. Због тога су оргнизације IEEE и ACM направиле серију докумената (Commputing Curricula) којима су препоручене базе знања за усмерења: рачунарско инжењерство, рачунарске науке, информациони системи, информационе технологије и софтверско инжењерство.\r\n\r\nНа основу досадашњег искуства о интересовању студената и података о потражњи стручњака на тржишту определили смо се да студијски програм Нове рачунарске технологије буде усаглашен са базом знања информационих технологија, описаном у документу IT2008, а студијски програм Рачунарска техника са базом знања рачунарског инжењерства описаном у документу CE2004. Предмети који обухватају базу знања рачунарских наука описану документом СС2001 равномерно су расподељени на студијске програме Рачунарска техника и Нове рачунарске технологије. Погодним одабиром предмета студенти ова два студијска програма могу да обезбеде и базу знања рачунарских наука.', 'Експерти рачунарских, информационих, комуникационих и мултимедијалних технологија верују да постоји потреба за основним студијама из са посебним освртом на информационе технологије са следећим општим компетенцијама:\r\n\r\nРазумевање и способност да се користе и примене постојећи алати и технологије за повезивање у локалне рачунарске мреже и рачунарске мреже ширих географских подручја, програмирање, развој апликација, базе података, Web технологије, дигиталне медије и електонско издаваштво.\r\nИскуство у пројектовању и знање у процесу интеграције и примене технологије у корисничком окружењу ка којима је разрешавање проблема организације и појединаца усмерено.\r\nВештина рада у групи да би се достигао заједнички циљ уз истовремено задржавање независног критичког мишљења и способност за ефикасну комуникацију како усмену тако и писмену.'),
(7, 'Нове рачунарске технологије - на даљину', 'НРТД', 14, 78, 'smerovi/nrtd.jpg', '#033B46', 'Сви који су заинтересовани за упис на програм НРТ, а нису у могућности да студирају у просторијама школе, могу изабрати овај програм на даљину. Сви студетни програма НРТ, који су својевремено прекинули студије, могу изабрати наставак студија на истом програму на даљину.\r\nСтудијски програм Нове рачунарске технологије од школске године 2012/13. има реализацију и на даљину, за студенте који су запослени, имају породичне обавезе, посебне потребе, али и као алтернатива за све остале студенте. По примени наставних метода и технологија, програм Нове рачунарске технологије - на даљину одговара широм света развијеним програмима на даљину, а истовремено je прилагођен потребама образовног система у Србији. Овај програм користи искуства стечена у експерименталној настави, која је у последњих неколико година реализована као додатак класичној настави, а према савременим стандардима и препорукама.\r\n\r\nСтудијски програм Нове рачунарске технологије, за све студенте који изаберу учење на даљину, нуди преко Интернета: мултимедијалне наставне материјале, редовне часове теоријске и практичне наставе, електронске консултације о градиву и редовне самопровере и провере знањa, док у просторијама школе предвиђа повремене радионице и главне провере знања. Реализација студијског програма на даљину обезбеђује исти ниво знања дипломираних студената и исту диплому, као и у случају класичне реализације студијског програма Нове рачунарске технологије и тако оспособљава кадар, за којим постоји стална потреба у нашем друштва.', ''),
(8, 'Електронско пословање', 'ЕПО', 60, 109, 'smerovi/epo.jpg', '#A52C32', 'Смер Електронско пословање основан је 2002. године на Високој школи електротехнике и рачунарства у Београду. Одлуком Републичке Комисије за акредитацију високошколских установа, смер је 30. априла 2012. године добио акредитацију (и дозволу за рад) за наредних пет година.\r\n\r\nНа студијама се стиче широк дијапазон знања из информационих технологија и економије и бизниса, што омогућава дипломцима да се успешно запошљавају у предузећима, јавним службама, државној управи и финансијском сектору.\r\n\r\nНаши дипломци успешно граде каријеру у Телекому, Комерцијалној банци, Теленору, Интеза банци, Раифаисен банци, Радио Телевизији Србије, Дата Лаб, Финсофт, Пензијском фонду, Влади Србије, Пошти и другим организацијама у приватном и јавном сектору.\r\nНа смер Електронско пословање уписују се ученици са завршеном средњом школом у трогодишњем или четворогодишњем трајању.\r\n\r\nКандидати полажу пријемни испит из Општетехничке културе. На пријемном испиту може се освојити највише 60 бодова. Највише четрдесет бодова кандидати остварују по основу успеха из средње школе.\r\n\r\nДвадесет најуспешнијих кандидата на ранг листи уписују се на терет Буџета Републике Србије.', ''),
(9, 'Електроника и телекомуникације - специјалистичке студије', 'ССЕЛИТЕ', 63, 111, 'smerovi/sselite.jpg', '#F8A05B', 'Специјалистичке струковне студије Електронике и телекомуникације намењене су дипломираним студентима основних студија студијског програма Електронике и телекомуникације Високе школе електротехничке и рачунарства струковних студија односно кандидатима који су претходно завршили одговарајуће основне струковне или академске студије.\r\n\r\nСтудијски програм Електроника и телекомуникације – специјалистичке студије оспособљава стручан кадар у области електронике и телекомуникација за потребе:\r\n\r\nпроизводних предузећа, на пословима развоја, производње и одржавања;\r\nинституција ванпривредних делатности, на пословима избора при набавци и одржавању електронске опреме;\r\nјавних предузећа у експлоатацији и одржавању.\r\nСтудијски програм Електроника и телекомуникације – специјалистичке студије Високе школе струковних студија такође омогућује унапређење нивоа и разноврсности понуде високошколског образовања. Поједина знања, предвиђена овим студијским програмом, могу се стећи и на неким другим високошколским установама, али не у овом обиму и на овом нивоу. Основна идеја је да се младима који имају интересовање за електронику и телекомуникације пружи већа могућност даљег стручног усавршавања. То се односи, пре свега, на студенте струковно оријентисане. Овако проширена и комплетна понуда сигурно повећава број студената који електронику и телекомуникације бирају као своје стручно опредељење. Висока употребна вредност електронске и телекомуникационе опреме неминовно намеће и сложеност у руковању. Да би се у потпуности искористиле велике и разноврсне могућности опреме неопходан је одређени ниво техничке културе. Све већи број високо захтевних занимања тражи одговарајућа специјалиустичка звања. Понуђени студијски програм неоспорно доприноси томе, унапређивањем квалификационе структуре становништва.\r\n\r\n 	\r\nОцењивање студената врши се непрекидним праћењем рада студената. Студенти су у обавези да присуствују и активно учествују у свим видовима наставног процеса. О присуству студената и активностима наставници и стручни сарадници воде уредну евиденцију. За активно учешће у настави и кроз предиспитне обавезе студент може сакупити од 30 до 70 поена у зависности од предмета. На завршном испиту се добија од 30 до 70 поена, у зависности од тога колико је предвиђено да студент оствари на предиспитним обавезама. Студенти се подстичу да учествују на стручним такмичењима и конференцијама. Постоји пракса да студенти објављују радове на стручним конференцијам.\r\n\r\n 	Збирна листа поена по предметима које студент стиче кроз рад у настави и полагањем предиспитних обавеза\r\nкао и на испиту.\r\n 	 \r\n 	 \r\n 	\r\nПраво пријаве за ССЕЛИТЕ имају студенти који су на првом степену високог образовања остварили најмање 157 ЕСПБ (60+60+37, I+II+III година студија). Да би дипломирали на ССЕЛИТЕ морају да заврше студије првог степена високог образовања и остваре најмање 60 ЕСПБ на ССЕЛИТЕ.', ''),
(10, 'Нове рачунарске технологије - специјалистичке студије', 'ССНРТ', 14, 78, 'smerovi/ssnrt.jpg', '#169AA7', 'Професионални статус након завршених специјалистичких студија Нове рачунарске технологије:\r\n\r\nУнапређивање и проширивање знања и вештина у коришћењу и примени постојећих технологија за умрежавање, програмирање, развој апликација, базе података, Web технологијe и процесорски хардвер.\r\nЦиљ специјалистичких студија Нове рачунарске технологије је:\r\n\r\nда дипломираним студентима основних академских и струковних студија развије способност прихватања и разумевања сложенијих рачунарско-информационих система и технологија,\r\nда студентима обезбеди квалитетно опште, као и професионално образовање из области рачунарских, информационих и комуникационих технологија и система,\r\nда студентима омогући да развију креативност у раду,\r\nда студентима пружи могућност да стекну знања која могу применити у:\r\nпроизводним системима,\r\nпројектантским организацијама,\r\nјавним, образовним и здравственим институцијама које имају и/или развијају сложена информационо - рачунарска окружења,\r\nда развијају и усаглашавају постојеће и нове системе са опште-прихваћеном добром праксом европских и светских институција.\r\nСпецијалистичке студије припремају студенте за:\r\n\r\nразвој темељног знања у специјализованим областима информационо - комуникационих система са  познавањем свих фаза имплементације,\r\nидентификовање проблема информационих технологија,\r\nефикасно функционисање у мултидисциплинарном окружењу,\r\nсакупљање, анализу и управљање информацијама,\r\nразумевање правних, етичких и социјалних импликација које имају пројекти рачунарских, информационих и комуникационих технологија,\r\nодржавање корака са текућим развојем савремених рачунарских технологија,\r\nразвијање способности учења током читавог радног века,\r\nефикасну писмену и усмену комуникацију,\r\nразвој осећаја за професионализам и тимски рад.', ''),
(11, 'Мултимедијалне технологије и дигитална телевизија', 'МТДТВ', 68, 81, 'smerovi/mtdtv.jpg', '#C9569F', 'Професионални статус након завршених специјалистичких студија Мултимедијалне технологије и дигитална телевизија:\r\n\r\nУнапређивање и проширивање знања и вештина у коришћењу и примени постојећих технологија у области мултимедијалних технологија и дигиталне телевизије.\r\nСпецијалистичке студије припремају студенте за:\r\n\r\nразвој темељног знања у специјализованим областима мултимедијалне технологије и дигиталне телевизије са познавањем свих фаза имплементације,\r\nидентификовање проблема мултимедијалне технологије и дигиталне телевизије,\r\nефикасно функционисање у мултидисциплинарном окружењу,\r\nразумевање правних, етичких и социјалних импликација које имају пројекти мултимедијалне технологије и дигиталне телевизије,\r\nодржавање корака са текућим развојем савремених система мултимедијалне технологије и дигиталне телевизије,\r\nразвијање способности учења током читавог радног века,\r\nефикасну мултимедијалну комуникацију,\r\nразвој осећаја за професионализам и тимски рад.\r\nЦиљ специјалистичких студија Мултимедијалне технологије и дигитална телевизија је:\r\n\r\nдипломираним студентима основних академских и струковних студија развије креативне способности и оспособи овладавање специфичним практичним вештинама из области мултимедијалне технологије и дигиталне телевизије,\r\nинтегрише основна техничка, рачунарска информациона и уметничка знања у складу са потребама производних, образовних и услужних делатности из области мултимедијалне технологије и дигиталне телевизије,\r\nстудентима обезбеди квалитетно опште, као и професионално образовање из области мултимедијалне технологије и дигиталне телевизије\r\nоспособи за послове у привредним друштвима и друштвеном сектору,\r\nоспособи за тимски рад и рад у мултикултуралној средини,\r\nформира струковног инжењера - специјалисту, који ће моћи да примени и прати врхунске технологије са којима се данас ради у области мултимедија и дигиталне телевизије,\r\nразвије критичко и самокритичко мишљење у приступу и анализи медија, како сопствених могућности тако и конкуренције у циљу успешног обављања посла,\r\nизгради свест о професионалној етици у медијском пословању у циљу дугорочног успеха.', ''),
(12, 'Нове енергетске технологије - специјалистичке студијe', 'ССНЕТ', 3, 101, 'smerovi/ssnet.jpg', '#3EB982', 'Професионални статус након завршених специјалистичких студија Нове енергетске технологије:\r\n\r\nУнапређивање и проширивање знања и вештина у коришћењу и примени постојећих технологија за планирање, пројектовање, извођење, експлоатацију и одржавање електроенергетских објеката и опреме.\r\nЦиљ специјалистичких студија Нове енергетске технологије је:\r\n\r\nда студентима обезбеди квалитетно опште, као и професионално образовање из области електроенергетских технологија и система,\r\nда студентима омогући да развију креативност у раду,\r\nда студентима пружи могућност да стекну знања која могу применити у:\r\nпроизводним системима,\r\nелектродистрибутивним системима,\r\nелектропреносним системима,\r\nпројектним организацијама,\r\nда развијају и усаглашавају постојеће и нове системе са опште-прихваћеном добром праксом европских и светских институција.\r\nЧињеница је да је без доброг познавања теорије, могућност стручњака у области електроенергетских технологија да прате и да примењују најновија техничка достигнућа ограничена и од малог значаја за организацију у којој раде.\r\n\r\nСпецијалистичке студије припремају студенте за:\r\n\r\nРазвој темељног знања у специјализованим областима:\r\nпројектовања електричних инсталација и електроенергетских система\r\nексплоатације електроенергетских система и\r\nодржавања електроенергетских инсталација, уређаја и постројења\r\nИдентификовање проблема у управљању електроенергетским системима\r\nЕфикасно функционисање у мултидисциплинарном окружењу;\r\nСакупљање, анализу и управљање информацијама;\r\nОдржавање корака са текућим развојем савремених енергетских технологија;\r\nРазвијање способности учења током читавог радног века;\r\nЕфикасну писмену и усмену комуникацију;\r\n', ''),
(13, 'Сигурност информационо комуникационих система', 'СИКС', 38, 88, 'smerovi/siks.jpg', '#5683AF', 'Професионални статус након завршених специјалистичких студија Сигурност информационо комуникационих система:\r\n\r\nУнапређивање и проширивање знања и вештина у области сигурности информационих система и управљања информационом безбедношћу.\r\nЦиљ специјалистичких студија Сигурност информационо комуникационих система је:\r\n\r\nда дипломираним студентима студијских програма рачунарско-техничке оријентације развије способност прихватања и разумевања сложенијих рачунарско-информационих система и технологија као основе за њихово даље напредовање у радном и друштвеном окружењу. Посебно, наглашавају се специфична знања из сигурности информационих и комуникационих система, чиме се отвара могућност за даљу афирмацију у овој области.\r\nСпецијалистичке студије припремају студенте за:\r\n\r\nРазвој темељног знања у специјализованим областима информационо - комуникационих система са познавањем свих фаза имплементације, идентификовање проблема информационих технологија, ефикасно функционисање у мултидисциплинарном окружењу, сакупљање, анализу и управљање информацијама, одржавање корака са текућим развојем савремених рачунарских технологија, развијање способности учења током читавог радног века, развој осећаја за професионализам и тимски рад.', ''),
(14, 'Мехатроника', 'МЕХА', 49, 87, 'smerovi/meha.jpg', '#ED928D', 'Професионални статус након завршених специјалистичких студија Мехатронике:\r\n\r\nУнапређивање и проширивање знања и вештина у коришћењу и примени постојећих технологија за планирање, пројектовање, извођење, експлоатацију и одржавање у области ауто дијагностике, производње аутомобила и појединих ауто делова као и у области процесног управљања и аутоматизације постројења и система.\r\n\r\nЦиљ специјалистичких студија Мехатронике је:\r\n\r\nдоследном применом европских и светских  стандарда организује висококвалитетне студије из области мехатронике које их подстичу на тимски рад;\r\nда се образовни процес одвија по студијском програму и наставним методама који се непрестано иновирају,\r\nда  омогуће студенту, да избором предмета активно учествује у обликовању свог образовања;\r\nда студенти овладају најактуелнијим знањима, умењима и вештинама, да се оспособе за креативан рад и тиме стекну сигурну основу за успешно запошљавање као и напредовање на својим радним местима,\r\nда се пренесу знања и вештине о контроли, регулацији, управљању, мерењу и мониторингу у савременим технолошким процесима и о одржавању и  организовању процеса рада на системе управљања у возилима,\r\nда се развоу креативне способности и овладавање практичним вештинама и методама за постизање стручне компетентности у области ауто дијагностике, производње аутомобила и појединих ауто делова као и у области процесног управљања и аутоматизације постројења и система.\r\nСпецијалистичке студије припремају студенте за:\r\n\r\nтемељно познавања и разумевање дисциплина мехатронике;\r\nрешавање конкретних проблема уз употребу научних метода и поступака;\r\nпраћење и примену новина у области савремене аутоматизације и рачунарски управљаних процеса, као и из области електронских система управљања у возилима;\r\nразвијање вештина и спретности у употреби знања у подручју мехатронике;\r\nупотребљавање информационо-комуникациону технологију у овладавању знањима о коришћењу рачунарске технологије и уређаја, са општим и специфичним апликативним софтвером, нормама, правилима и стандардима у локализацији и отклањању кварова, као и принципима рада и захтевима различитих електро-машинских система у процесима и на возилима;\r\nпројектовање и организацију радних процеса, пројектовање и доношење оперативних одлука о обиму, оправданости  и праћењу пословања средњих и малих предузећа, ауто кућа, специјализованих сервиса/предузећа;\r\nучествује у тимском раду и буде пуноправни члан стручног и пословног тима;\r\nнаставу  даљег усавршавања на мастер струковним студијама.', '');

-- --------------------------------------------------------

--
-- Table structure for table `splink`
--

CREATE TABLE IF NOT EXISTS `splink` (
  `id_smer` int(11) NOT NULL,
  `id_predm` int(11) NOT NULL,
  `semestar` int(11) NOT NULL
) ENGINE=InnoDB DEFAULT CHARSET=utf8;

--
-- Dumping data for table `splink`
--

INSERT INTO `splink` (`id_smer`, `id_predm`, `semestar`) VALUES
(1, 1, 1),
(1, 2, 1),
(1, 3, 1),
(1, 4, 1),
(1, 5, 1),
(1, 6, 1),
(1, 7, 2),
(1, 8, 2),
(1, 9, 2),
(1, 10, 2),
(1, 11, 2),
(1, 12, 2),
(1, 13, 3),
(1, 14, 3),
(1, 15, 3),
(1, 16, 3),
(1, 17, 3),
(1, 18, 3),
(1, 19, 4),
(1, 20, 4),
(1, 21, 4),
(1, 22, 4),
(1, 23, 4),
(1, 24, 4),
(1, 25, 5),
(1, 26, 5),
(1, 27, 5),
(1, 28, 5),
(1, 29, 5),
(1, 30, 5),
(1, 31, 6),
(1, 32, 6),
(1, 33, 6),
(1, 34, 6),
(1, 35, 6),
(1, 36, 6),
(2, 37, 1),
(2, 2, 1),
(2, 38, 1),
(2, 42, 1),
(2, 4, 1),
(2, 3, 1),
(2, 12, 2),
(2, 46, 2),
(2, 43, 2),
(2, 47, 2),
(2, 48, 2),
(2, 11, 2),
(2, 14, 3),
(2, 44, 3),
(2, 45, 3),
(2, 15, 3),
(2, 13, 3),
(2, 24, 3),
(2, 21, 4),
(2, 49, 4),
(2, 39, 4),
(2, 40, 4),
(2, 50, 4),
(2, 32, 4),
(2, 51, 5),
(2, 52, 5),
(2, 53, 5),
(2, 25, 5),
(2, 54, 5),
(2, 55, 5),
(2, 56, 6),
(2, 57, 6),
(2, 41, 6),
(2, 33, 6),
(2, 35, 6),
(2, 36, 6),
(3, 3, 1),
(3, 2, 1),
(3, 4, 1),
(3, 1, 1),
(3, 58, 1),
(3, 6, 1),
(3, 12, 2),
(3, 8, 2),
(3, 59, 2),
(3, 10, 2),
(3, 11, 2),
(3, 9, 2),
(3, 60, 3),
(3, 61, 3),
(3, 62, 3),
(3, 63, 3),
(3, 64, 3),
(3, 65, 3),
(3, 66, 4),
(3, 67, 4),
(3, 20, 4),
(3, 68, 4),
(3, 69, 4),
(3, 32, 4),
(3, 70, 5),
(3, 27, 5),
(3, 71, 5),
(3, 72, 5),
(3, 73, 5),
(3, 55, 5),
(3, 74, 6),
(3, 75, 6),
(3, 76, 6),
(3, 77, 6),
(3, 35, 6),
(3, 36, 6),
(4, 37, 1),
(4, 2, 1),
(4, 6, 1),
(4, 78, 1),
(4, 79, 1),
(4, 3, 1),
(4, 80, 2),
(4, 81, 2),
(4, 46, 2),
(4, 47, 2),
(4, 48, 2),
(4, 8, 2),
(4, 82, 3),
(4, 83, 3),
(4, 84, 3),
(4, 15, 3),
(4, 85, 3),
(4, 28, 3),
(4, 86, 4),
(4, 87, 4),
(4, 88, 4),
(4, 89, 4),
(4, 50, 4),
(4, 90, 4),
(4, 91, 5),
(4, 92, 5),
(4, 93, 5),
(4, 94, 5),
(4, 95, 5),
(4, 96, 5),
(4, 97, 6),
(4, 32, 6),
(4, 98, 6),
(4, 34, 6),
(4, 35, 6),
(4, 36, 6),
(5, 2, 1),
(5, 1, 1),
(5, 99, 1),
(5, 100, 1),
(5, 79, 1),
(5, 101, 1),
(5, 102, 2),
(5, 12, 2),
(5, 8, 2),
(5, 49, 2),
(5, 103, 2),
(5, 3, 2),
(5, 104, 3),
(5, 105, 3),
(5, 106, 3),
(5, 107, 3),
(5, 58, 3),
(5, 72, 3),
(5, 108, 4),
(5, 109, 4),
(5, 110, 4),
(5, 56, 4),
(5, 111, 4),
(5, 112, 4),
(5, 113, 5),
(5, 114, 5),
(5, 115, 5),
(5, 116, 5),
(5, 117, 5),
(5, 118, 5),
(5, 119, 6),
(5, 120, 6),
(5, 121, 6),
(5, 122, 6),
(5, 35, 6),
(5, 36, 6),
(6, 12, 1),
(6, 42, 1),
(6, 79, 1),
(6, 2, 1),
(6, 1, 1),
(6, 100, 1),
(6, 81, 2),
(6, 8, 2),
(6, 3, 2),
(6, 48, 2),
(6, 102, 2),
(6, 123, 2),
(6, 28, 3),
(6, 82, 3),
(6, 84, 3),
(6, 99, 3),
(6, 85, 3),
(6, 65, 3),
(6, 124, 4),
(6, 121, 4),
(6, 125, 4),
(6, 87, 4),
(6, 88, 4),
(6, 126, 4),
(6, 127, 5),
(6, 113, 5),
(6, 128, 5),
(6, 35, 5),
(6, 129, 5),
(6, 130, 5),
(6, 122, 6),
(6, 131, 6),
(6, 132, 6),
(6, 133, 6),
(6, 134, 6),
(6, 135, 6),
(6, 36, 6),
(8, 12, 1),
(8, 58, 1),
(8, 1, 1),
(8, 2, 1),
(8, 5, 1),
(8, 117, 1),
(8, 3, 2),
(8, 59, 2),
(8, 9, 2),
(8, 136, 2),
(8, 48, 2),
(8, 137, 2),
(8, 138, 3),
(8, 139, 3),
(8, 64, 3),
(8, 28, 3),
(8, 84, 3),
(8, 140, 3),
(8, 88, 4),
(8, 141, 4),
(8, 87, 4),
(8, 142, 4),
(8, 143, 4),
(8, 144, 4),
(8, 145, 5),
(8, 146, 5),
(8, 128, 5),
(8, 127, 5),
(8, 65, 5),
(8, 77, 5),
(8, 32, 6),
(8, 121, 6),
(8, 147, 6),
(8, 33, 6),
(8, 35, 6),
(8, 36, 6),
(7, 12, 1),
(7, 42, 1),
(7, 79, 1),
(7, 2, 1),
(7, 1, 1),
(7, 100, 1),
(7, 81, 2),
(7, 8, 2),
(7, 3, 2),
(7, 48, 2),
(7, 102, 2),
(7, 123, 2),
(7, 28, 3),
(7, 82, 3),
(7, 84, 3),
(7, 99, 3),
(7, 85, 3),
(7, 65, 3),
(7, 124, 4),
(7, 121, 4),
(7, 125, 4),
(7, 87, 4),
(7, 88, 4),
(7, 126, 4),
(7, 127, 5),
(7, 113, 5),
(7, 128, 5),
(7, 35, 5),
(7, 129, 5),
(7, 130, 5),
(7, 122, 6),
(7, 131, 6),
(7, 132, 6),
(7, 133, 6),
(7, 134, 6),
(7, 135, 6),
(7, 36, 6),
(9, 148, 1),
(9, 149, 1),
(9, 150, 1),
(9, 151, 1),
(9, 152, 1),
(9, 153, 1),
(9, 154, 2),
(9, 155, 2),
(9, 156, 2),
(9, 157, 2),
(9, 36, 2),
(10, 148, 1),
(10, 158, 1),
(10, 149, 1),
(10, 159, 1),
(10, 160, 1),
(10, 161, 2),
(10, 154, 2),
(10, 155, 2),
(10, 162, 2),
(10, 163, 2),
(10, 36, 2),
(11, 164, 1),
(11, 148, 1),
(11, 165, 1),
(11, 166, 1),
(11, 152, 1),
(11, 167, 1),
(11, 154, 2),
(11, 168, 2),
(11, 169, 2),
(11, 170, 2),
(11, 36, 2),
(12, 171, 1),
(12, 172, 1),
(12, 173, 1),
(12, 174, 1),
(12, 153, 1),
(12, 175, 2),
(12, 176, 2),
(12, 177, 2),
(12, 178, 2),
(12, 179, 2),
(12, 36, 2),
(13, 180, 1),
(13, 148, 1),
(13, 181, 1),
(13, 182, 1),
(13, 183, 1),
(13, 155, 2),
(13, 184, 2),
(13, 185, 2),
(13, 186, 2),
(13, 187, 2),
(13, 36, 2),
(14, 188, 1),
(14, 189, 1),
(14, 166, 1),
(14, 177, 1),
(14, 149, 1),
(14, 190, 1),
(14, 191, 1),
(14, 192, 2),
(14, 193, 2),
(14, 194, 2),
(14, 176, 2),
(14, 179, 2),
(14, 36, 2),
(14, 35, 2);

-- --------------------------------------------------------

--
-- Table structure for table `studenti`
--

CREATE TABLE IF NOT EXISTS `studenti` (
  `id_stud` int(11) NOT NULL,
  `ime_prezime` text NOT NULL,
  `mail` text NOT NULL,
  `slika` text NOT NULL,
  `opis` text NOT NULL
) ENGINE=InnoDB AUTO_INCREMENT=90 DEFAULT CHARSET=utf8;

--
-- Dumping data for table `studenti`
--

INSERT INTO `studenti` (`id_stud`, `ime_prezime`, `mail`, `slika`, `opis`) VALUES
(1, 'Милош Терзић', 'terzic.milos.tm@gmail.com', '/Assets/milos1.PNG', 'РТ, трећа година'),
(2, 'Марко Грубјешић', 'grubi_93@hotmail.com\r\n', '/Assets/fudbal.png', 'АВТ, трећа година'),
(3, 'Милош Цвјетан', 'milos.cvjetan@yahoo.com', '/Assets/miloscvjetan.jpg', 'НЕТ, прва година'),
(4, 'Милан Јокић', 'jokic.milan@gmail.com', '/Assets/milanjokic.jpg', 'РТ, друга година'),
(5, 'Лазар Чоловић', 'lazarlakicolovic@yahoo.com', '/Assets/lazarcolovic.jpg', 'НЕТ, прва година'),
(6, 'Марко Костић', 'markokostic93@yahoo.com', '/Assets/markokostic.jpg', 'РТ, трећа година'),
(7, 'Милош Симић', '', '/Assets/milossimic.jpg', ''),
(8, 'Вељко Матић', 'veljko.viser93@gmail.com', '/Assets/veljko_m.png', 'НЕТ, друга година'),
(9, 'Василије Ђокић', 'djokicvasilije22@gmail.com', '/Assets/vasilijedjokic.jpg', 'РТ, друга година'),
(10, 'Филип Ђајић', 'fihe993@gmail.com', '/Assets/filipdjajic.jpg', 'НРТ, трећа година'),
(11, 'Александар Каретић', '', '/Assets/aleksandarkaretic.jpg', ''),
(12, 'Ђорђе Милошевић', '', '/Assets/djordjemilosevic.jpg', ''),
(13, 'Марко Нинковић', 'ninkapartizan@gmail.com\r\n', '/Assets/kosarka.png', ''),
(14, 'Филип Миловановић', 'milovanovic.filip.4@gmail.com\r\n', '/Assets/kosarka.png', ''),
(15, 'Марко Јокић', 'mrca37@yahoo.com\r\n', '/Assets/kosarka.png', ''),
(16, 'Никола Поповић', 'nikola007pop@gmail.com\r\n', '/Assets/kosarka.png', ''),
(17, 'Марко Стијеља', 'markostijelja@yahoo.com\r\n', '/Assets/kosarka.png', ''),
(18, 'Небојша Килијан', 'nebojsa.kilijan@outlook.com\r\n', '/Assets/kosarka.png', ''),
(19, 'Филип Ђоковић-Трстењак', 'filip.acm@gmail.com\r\n', '/Assets/kosarka.png', ''),
(20, 'Тома Ивковић', 'toma1991@gmail.com\r\n', '/Assets/kosarka.png', ''),
(21, 'Лука Милошевић', 'deejayloko94@hotmail.com\r\n', '/Assets/kosarka.png', ''),
(22, 'Душан Тројановић', 'trojanovicdusan@gmail.com\r\n', '/Assets/kosarka.png', ''),
(23, 'Немања Ћуковић', 'nemanjacukovic1993@gmail.com\r\n', '/Assets/kosarka.png', ''),
(24, 'Лазар Томић', 'lakilone@live.com\r\n', '/Assets/kosarka.png', ''),
(25, 'Слободан Драшковић', '', '/Assets/robotika.png', 'АСУВ, асистент'),
(26, 'Ненад Сељишта', '', '/Assets/robotika.png', 'сарадник у практичној настави'),
(27, 'Радоје Ђаков', '', '/Assets/robotika.png', 'АСУВ, трећа година'),
(28, 'Душан Полуга', '', '/Assets/robotika.png', 'АСУВ, друга година'),
(29, 'Кристина Николић', '', '/Assets/robotika.png', 'АСУВ, друга година'),
(30, 'Драган Јаковљевић', '', '/Assets/robotika.png', 'ЕЛИТЕ, трећа година'),
(31, 'Вељко Јанић', '', '/Assets/robotika.png', 'ЕЛИТЕ, трећа година'),
(32, 'Слађан Стојановић', '', '/Assets/robotika.png', 'АСУВ, трећа година'),
(33, 'Михаило Стефановић', 'wesharerobotics@gmail.com', '/Assets/robotika.png', 'АСУВ, трећа година'),
(34, 'Стефан Кљакић', '', '/Assets/robotika.png', 'АСУВ, трећа година'),
(35, 'Милош Бузариновић', '', '/Assets/robotika.png', 'АСУВ, трећа година'),
(36, 'Синиша Кљајић\n', '', '/Assets/robotika.png', 'СНРТ'),
(37, 'Бојан Вујанић', '', '/Assets/robotika.png', 'РТ, друга година'),
(38, 'Војислав Мировић', '', '/Assets/robotika.png', 'РТ, друга година'),
(39, 'Добрица Петрић', '', '/Assets/Добрица Петрић АСУВ 3. година.jpg', 'АСУВ, трећа година'),
(40, 'Александар Митровић', '', '/Assets/Александар Митровић АВТ 2. година.jpg', 'АВТ, друга година'),
(41, 'Владимир Граховац', '', '/Assets/Владимир Граховац ЕЛИТЕ 1. година.jpg', 'ЕЛИТЕ, прва година'),
(42, 'Милица Тонић', '', '/Assets/Милица Тонић ЕПО 1. година.jpg', 'ЕПО, прва година'),
(43, 'Милош Митровић', '', '/Assets/Милош Митровић АСУВ 3. година.jpg', 'АСУВ, трећа година'),
(44, 'Ана Жамос', '', '/Assets/casopis.png', ''),
(45, 'Јован Јовановић', '', '/Assets/jovan jovanovi.jpg', ''),
(46, 'Милан Зеленовић', '', '/Assets/milan zelenović.jpg', ''),
(47, 'Никола Бакић', '', '/Assets/nikola bakić.jpg', ''),
(48, 'Синиша Станчић', '', '/Assets/siniša stančić.jpg', ''),
(49, 'Стефан Кузмановић', '', '/Assets/stefan kuzmanović.jpg', ''),
(50, 'Видоје Гавриловић', '', '/Assets/vidoje gavrilović.jpg', ''),
(51, 'Ђурђе Ковачевић', '', '/Assets/djurdje kovačević.jpg', ''),
(52, 'Драгутин Димић', '', '/Assets/dragutin dimić.jpg', ''),
(53, 'Душан Вучић', '', '/Assets/dušan vučić.jpg', ''),
(54, 'Коста Шотић', '', '/Assets/kosta šotić.jpg', ''),
(55, 'Лазар Донић', '', '/Assets/lazar donić.jpg', ''),
(56, 'Марко Штркаљ', '', '/Assets/marko štrkalj.jpg', ''),
(57, 'Миленко Вујковић', '', '/Assets/milenko vujković.jpg', ''),
(58, 'Никола Марчета', '', '/Assets/nikola marčeta.jpg', ''),
(59, 'Радивоје Лацковић', '', '/Assets/radivoje Lacković.jpg', ''),
(60, 'Стефан Лазаревић', '', '/Assets/stefan lazarević.jpg', ''),
(61, 'Војин Ивановић', '', '/Assets/vojin ivanović.jpg', ''),
(62, 'Владимир Церић', 'vladimir.ceric@viser.edu.rs', '/Assets/10ka.png', 'гл. и одг. уредник'),
(63, 'Милица Јевремовић', '', '/Assets/10ka.png', 'организаторка'),
(64, 'Ивана Стефановић', '', '/Assets/10ka.png', 'организаторка'),
(65, 'Стефан Девић', '', '/Assets/10ka.png', 'новинар и спикер'),
(66, 'Ивана Кузмановић', '', '/Assets/10ka.png', 'новинарка'),
(67, 'Анђелка Стошић', '', '/Assets/10ka.png', 'новинарка'),
(68, 'Милош Чизмић', '', '/Assets/10ka.png', 'новинар '),
(69, 'Сава Девић', '', '/Assets/10ka.png', 'новинар '),
(70, 'Душко Савић', '', '/Assets/10ka.png', 'монтажер'),
(71, 'Николина Деспот', '', '/Assets/10ka.png', 'монтажерка'),
(72, 'Ивана Боројевић', '', '/Assets/10ka.png', 'сниматељка'),
(73, 'Вања Бејатовић', '', '/Assets/10ka.png', 'сниматељ'),
(74, 'Игор Ђурђевић', '', '/Assets/10ka.png', 'сниматељ'),
(75, 'Никола Ђоновић', '', '/Assets/10ka.png', 'сниматељ'),
(76, 'Ђорђе Мандић', '', '/Assets/10ka.png', 'сниматељ'),
(77, 'Филип Стевановић', '', '/Assets/10ka.png', 'сниматељ'),
(78, 'Филип Стефановић', '', '/Assets/filip stevanović.jpg', ''),
(79, 'Иван Палијан', '', '/Assets/ivan palijan.jpg', ''),
(80, 'Лука Миловановић', '', '/Assets/luka milovanović.jpg', ''),
(81, 'Миленко Јовић', '', '/Assets/milenko jović.jpg', ''),
(82, 'Миљана Нешић', '', '/Assets/milijana nešić.jpg', ''),
(83, 'Ненад Дрекаловић', '', '/Assets/Nenad drekalovic.jpg', ''),
(84, 'Нина Лакичин', '', '/Assets/nina lakičin.jpg', ''),
(85, 'Радојица Дрекаловић', '', '/Assets/radojica drekalović.jpg', ''),
(86, 'Снежа Веселиновић', '', '/Assets/sneža veselinović.jpg', ''),
(87, 'Жељко Чварковић', '', '/Assets/željko čvarković.jpg', ''),
(88, 'Зоран Драгић', '', '/Assets/zoran dragić.jpg', ''),
(89, 'Ана Ранђеловић', '', '/Assets/ана ранђеловић.jpg', '');

-- --------------------------------------------------------

--
-- Table structure for table `timovi`
--

CREATE TABLE IF NOT EXISTS `timovi` (
  `id_tim` int(11) NOT NULL,
  `id_preds` int(11) NOT NULL,
  `ime` text,
  `glavna_slika` text,
  `pozadinska_slika` text,
  `ikonica` text,
  `podnaslov` text,
  `tekst` text
) ENGINE=InnoDB AUTO_INCREMENT=9 DEFAULT CHARSET=utf8;

--
-- Dumping data for table `timovi`
--

INSERT INTO `timovi` (`id_tim`, `id_preds`, `ime`, `glavna_slika`, `pozadinska_slika`, `ikonica`, `podnaslov`, `tekst`) VALUES
(1, 62, '10к', 'timovi/10k.jpg', 'smerovi/mtdtv.jpg', '10ka.png', 'Студентска телевизија', 'Студентску телевизију 10к основали су сарадници и студенти студијског програма Аудио и видео технологије 2011 године. Управа ВИШЕР-а од самих почетка, препознала је значај телевизије где је активно учествовала у обликовању њеног формата.  У садржајима о којима извештава, 10к пружа увид у студентски живот ВИШЕР-а, истиче актуелне догађаје, представља савремена достигнућа и приказује занимљиве госте.  Од оснивања у рад телевизије укључили су се студенти свих студијских програма.'),
(2, 33, 'Роботика', 'timovi/robotika1.jpg', 'timovi/robotika2.jpg', 'robotika.png', '', 'WE-SHARE Robotics тим је основан 2013/2014 године.  Настао је као секција из Роботике на Високој школи електротехнике и рачунарства струковних студија у Београду.  Ове године смо као задатак испред себе ставили учествовање на такмичењу EUROBOT 2015 за који смо морали да направимо 2 робота који су обављали одређене задатке на полигону. Такмичење је одржано у Новом Саду и узимајући у обзир конкуренцију задовољни смо укупним пласманом.'),
(3, 83, 'Парламент', 'timovi/parlament1.jpg', 'timovi/casopis2.jpg', 'parlament.png', '', ''),
(4, 39, 'Часопис', 'timovi/casopis1.jpg', 'timovi/casopis2.jpg', 'casopis.png', '', 'Појавом интернета и писаног садржаја који обилује на њему ушли смо у нову еру часописа, новина, листова… Изгледало је да ће ова ера потиснути штампане медије, као што је предвиђано након појаве телевизора, одлазак радија у заборав. Али то се није десило. Јавила се потреба за штампаним гласилом наше Високе школе, а као последица тога, појавила се група студената пуна ентузијазма, креативности и спремна да одговори и да се избори са све већом бујицом иновација којих је из дана у дан све више. Човек од почетка ствара, прави и оставља траг за собом. Ма где био,  и у ком времену се нашао. Студенти су један од стубова друштва који има задатак да кроз свој рад унапређује друштво и ствара боље тле за живот. Желимо ВИШЕ, а и можемо ВИШЕ. Ми стварамо ВИШЕ(Р).'),
(5, 53, 'Рукомет', 'timovi/rukomet1.jpg', 'timovi/rukomet2.jpg', 'rukomet.png', 'Освајачи друге студентске лиге!', 'У овогодишњој Другој студентској лиги остварили смо највећи успех у историји ВИШЕР-а. Постали смо шампиони, такмичећи се са чак и неким полупрофесионалним тимовима. Овај пласман нас је одвео у Прву рукометну студентску лигу за сезону 2015/2016. Следеће такмичење на којем ћемо наступити је у склопу Еуроијаде 2015 која ће се одржати у Кракову од тринаестог од четрнаестог новембра. '),
(6, 24, 'Кошарка', 'timovi/kosarka1.jpg', 'timovi/kosarka2.jpg', 'kosarka.png', 'Освајачи турнира на Вишијади 2015!', 'После одличне предсезоне и победе над екипом која је у топ 3 екипе прве студентске лиге,наши кошаркаши нису имали среће у групи Г друге студентске лиге где су их нијансе делиле у дуелима са ИЦТ-ом и ЕТФ-ом од победе.  Вишијада је послужила нашим момцима да санирају ране из лиге и да испоље незадовољство које им је од лиге остало на противницима на турниру у Грчкој. Свака екипа савладана је са више од 10 поена разлике,што показује квалитет наше екипе. Од 1. септембра почињу припреме екипе која ће представљати ВИШЕР на еуријади у Кракову 13.-16. новембра,и после тога припреме за нападање пласмана у прву лигу студената.'),
(7, 1, 'Футсал', '/Assets/futsal2.jpg', '/Assets/futsal-pozadina.jpg', 'fudbal.png', '', 'Након одигравања утакмица у групи Друге студентске лиге наша екипа се нашла на другој од шест позиција са позитивном гол разликом већом од 15. Затим жреб није био на нашој страни па смо се састали са тимом који је касније био шампион лиге.\nНакон тога тим је учествовао на турниру на Вишијади и неколико хуманитарних турнира у променљивим саставима.\nУ наредном периоду доћи ће до промене вође тима и почетка примема за следећу сезону.\n'),
(8, 45, 'Одбојка', 'timovi/odbojka1.jpg', 'timovi/odbojka2.jpg', 'odbojka.png', 'Освајачи турнира на песку на Вишијади 2015!', 'Ми смо малобројни тим који планира да се следеће сезоне озбиљно такмичи у студентској лиги и студентском купу.  Ове године смо након велике борбе у финалу освојили турнир на песку у Грчкој који се игра у формату 3 на 3.  Целе сезоне смо имали отворене, активне тренинге у сарадњи са неколико других факултета и студентским домом Четврти април.');

-- --------------------------------------------------------

--
-- Table structure for table `tslink`
--

CREATE TABLE IF NOT EXISTS `tslink` (
  `id_stud` int(11) NOT NULL,
  `id_tim` int(11) NOT NULL
) ENGINE=InnoDB DEFAULT CHARSET=utf8;

--
-- Dumping data for table `tslink`
--

INSERT INTO `tslink` (`id_stud`, `id_tim`) VALUES
(1, 7),
(2, 7),
(3, 7),
(4, 7),
(5, 7),
(6, 7),
(7, 7),
(8, 7),
(9, 7),
(10, 7),
(11, 7),
(12, 7),
(13, 6),
(14, 6),
(15, 6),
(16, 6),
(17, 6),
(18, 6),
(19, 6),
(20, 6),
(21, 6),
(22, 6),
(23, 6),
(24, 6),
(25, 2),
(26, 2),
(27, 2),
(28, 2),
(29, 2),
(30, 2),
(31, 2),
(32, 2),
(33, 2),
(34, 2),
(35, 2),
(36, 2),
(37, 2),
(38, 2),
(39, 4),
(40, 3),
(40, 4),
(41, 4),
(42, 4),
(43, 4),
(44, 4),
(45, 8),
(46, 8),
(47, 8),
(48, 8),
(49, 8),
(50, 8),
(51, 5),
(52, 5),
(53, 5),
(54, 5),
(55, 5),
(56, 5),
(57, 5),
(58, 5),
(59, 5),
(60, 5),
(61, 5),
(62, 1),
(63, 1),
(64, 1),
(65, 1),
(66, 1),
(67, 1),
(68, 1),
(68, 3),
(69, 1),
(70, 1),
(71, 1),
(72, 1),
(73, 1),
(74, 1),
(75, 1),
(76, 1),
(77, 1),
(78, 3),
(79, 3),
(80, 3),
(81, 3),
(82, 3),
(83, 3),
(84, 3),
(85, 3),
(86, 3),
(87, 3),
(88, 3),
(89, 3);

--
-- Indexes for dumped tables
--

--
-- Indexes for table `predmeti`
--
ALTER TABLE `predmeti`
  ADD PRIMARY KEY (`id_predm`);

--
-- Indexes for table `profesori`
--
ALTER TABLE `profesori`
  ADD PRIMARY KEY (`idProfesor`);

--
-- Indexes for table `smerovi`
--
ALTER TABLE `smerovi`
  ADD PRIMARY KEY (`id_smer`);

--
-- Indexes for table `studenti`
--
ALTER TABLE `studenti`
  ADD PRIMARY KEY (`id_stud`);

--
-- Indexes for table `timovi`
--
ALTER TABLE `timovi`
  ADD UNIQUE KEY `id_tim` (`id_tim`);

--
-- Indexes for table `tslink`
--
ALTER TABLE `tslink`
  ADD PRIMARY KEY (`id_stud`,`id_tim`);

--
-- AUTO_INCREMENT for dumped tables
--

--
-- AUTO_INCREMENT for table `predmeti`
--
ALTER TABLE `predmeti`
  MODIFY `id_predm` int(11) NOT NULL AUTO_INCREMENT,AUTO_INCREMENT=198;
--
-- AUTO_INCREMENT for table `smerovi`
--
ALTER TABLE `smerovi`
  MODIFY `id_smer` int(11) NOT NULL AUTO_INCREMENT,AUTO_INCREMENT=15;
--
-- AUTO_INCREMENT for table `studenti`
--
ALTER TABLE `studenti`
  MODIFY `id_stud` int(11) NOT NULL AUTO_INCREMENT,AUTO_INCREMENT=90;
--
-- AUTO_INCREMENT for table `timovi`
--
ALTER TABLE `timovi`
  MODIFY `id_tim` int(11) NOT NULL AUTO_INCREMENT,AUTO_INCREMENT=9;
/*!40101 SET CHARACTER_SET_CLIENT=@OLD_CHARACTER_SET_CLIENT */;
/*!40101 SET CHARACTER_SET_RESULTS=@OLD_CHARACTER_SET_RESULTS */;
/*!40101 SET COLLATION_CONNECTION=@OLD_COLLATION_CONNECTION */;
